house_id,street_id,street_name,district_id,district_name,house_number
6729,332,40 лет Октября,19,Центр,10
6730,332,40 лет Октября,19,Центр,11
6731,332,40 лет Октября,19,Центр,15
6732,332,40 лет Октября,19,Центр,2
6733,332,40 лет Октября,19,Центр,4
6734,333,40 лет Победы,20,Южный,1
6735,333,40 лет Победы,20,Южный,10
6736,333,40 лет Победы,20,Южный,11
6737,333,40 лет Победы,20,Южный,12
6738,333,40 лет Победы,20,Южный,13
6739,333,40 лет Победы,20,Южный,14
6740,333,40 лет Победы,20,Южный,15
6741,333,40 лет Победы,20,Южный,16
6742,333,40 лет Победы,20,Южный,16/1
6743,333,40 лет Победы,20,Южный,17
6744,333,40 лет Победы,20,Южный,18
6745,333,40 лет Победы,20,Южный,19
6746,333,40 лет Победы,20,Южный,2
6747,333,40 лет Победы,20,Южный,20
6748,333,40 лет Победы,20,Южный,21
6749,333,40 лет Победы,20,Южный,22
6750,333,40 лет Победы,20,Южный,23
6751,333,40 лет Победы,20,Южный,24
6752,333,40 лет Победы,20,Южный,25
6753,333,40 лет Победы,20,Южный,26
6754,333,40 лет Победы,20,Южный,27
6755,333,40 лет Победы,20,Южный,28
6756,333,40 лет Победы,20,Южный,29
6757,333,40 лет Победы,20,Южный,3
6758,333,40 лет Победы,20,Южный,30
6759,333,40 лет Победы,20,Южный,31
6760,333,40 лет Победы,20,Южный,32
6761,333,40 лет Победы,20,Южный,34
6762,333,40 лет Победы,20,Южный,35
6763,333,40 лет Победы,20,Южный,36
6764,333,40 лет Победы,20,Южный,37
6765,333,40 лет Победы,20,Южный,39
6766,333,40 лет Победы,20,Южный,4
6767,333,40 лет Победы,20,Южный,41
6768,333,40 лет Победы,20,Южный,43
6769,333,40 лет Победы,20,Южный,45
6770,333,40 лет Победы,20,Южный,47
6771,333,40 лет Победы,20,Южный,49
6772,333,40 лет Победы,20,Южный,49/2
6773,333,40 лет Победы,20,Южный,5
6774,333,40 лет Победы,20,Южный,51
6775,333,40 лет Победы,20,Южный,6
6776,333,40 лет Победы,20,Южный,7
6777,333,40 лет Победы,20,Южный,8
6778,333,40 лет Победы,20,Южный,9
6779,334,50 лет Победы,21,Восточный-2,1/1
6780,334,50 лет Победы,21,Восточный-2,1/4
6781,334,50 лет Победы,21,Восточный-2,1/5
6782,334,50 лет Победы,21,Восточный-2,1/6
6783,334,50 лет Победы,21,Восточный-2,1/7
6784,334,50 лет Победы,21,Восточный-2,1/8
6785,334,50 лет Победы,21,Восточный-2,10
6786,334,50 лет Победы,21,Восточный-2,12
6787,334,50 лет Победы,21,Восточный-2,13
6788,334,50 лет Победы,21,Восточный-2,16
6789,334,50 лет Победы,21,Восточный-2,17
6790,334,50 лет Победы,21,Восточный-2,19
6791,334,50 лет Победы,21,Восточный-2,2
6792,334,50 лет Победы,21,Восточный-2,2/5
6793,334,50 лет Победы,21,Восточный-2,2/7
6794,334,50 лет Победы,21,Восточный-2,2/9
6795,334,50 лет Победы,21,Восточный-2,20
6796,334,50 лет Победы,21,Восточный-2,21
6797,334,50 лет Победы,21,Восточный-2,22
6798,334,50 лет Победы,21,Восточный-2,23
6799,334,50 лет Победы,21,Восточный-2,24
6800,334,50 лет Победы,21,Восточный-2,25
6801,334,50 лет Победы,21,Восточный-2,26
6802,334,50 лет Победы,21,Восточный-2,28
6803,334,50 лет Победы,21,Восточный-2,29
6804,334,50 лет Победы,21,Восточный-2,31
6805,334,50 лет Победы,21,Восточный-2,32
6806,334,50 лет Победы,21,Восточный-2,33
6807,334,50 лет Победы,21,Восточный-2,34
6808,334,50 лет Победы,21,Восточный-2,35
6809,334,50 лет Победы,21,Восточный-2,37
6810,334,50 лет Победы,21,Восточный-2,41
6811,334,50 лет Победы,21,Восточный-2,43
6812,334,50 лет Победы,21,Восточный-2,46
6813,334,50 лет Победы,21,Восточный-2,49
6814,334,50 лет Победы,21,Восточный-2,50
6815,334,50 лет Победы,21,Восточный-2,51
6816,334,50 лет Победы,21,Восточный-2,53
6817,334,50 лет Победы,21,Восточный-2,54
6818,334,50 лет Победы,21,Восточный-2,56
6819,334,50 лет Победы,21,Восточный-2,57
6820,334,50 лет Победы,21,Восточный-2,58
6821,334,50 лет Победы,21,Восточный-2,6
6822,334,50 лет Победы,21,Восточный-2,62
6823,334,50 лет Победы,21,Восточный-2,64
6824,334,50 лет Победы,21,Восточный-2,65
6825,334,50 лет Победы,21,Восточный-2,67
6826,334,50 лет Победы,21,Восточный-2,7
6827,334,50 лет Победы,21,Восточный-2,70
6828,334,50 лет Победы,21,Восточный-2,70/1
6829,334,50 лет Победы,21,Восточный-2,71
6830,334,50 лет Победы,21,Восточный-2,73
6831,334,50 лет Победы,21,Восточный-2,74
6832,334,50 лет Победы,21,Восточный-2,75
6833,334,50 лет Победы,21,Восточный-2,76
6834,334,50 лет Победы,21,Восточный-2,78
6835,334,50 лет Победы,21,Восточный-2,79
6836,334,50 лет Победы,21,Восточный-2,80
6837,334,50 лет Победы,21,Восточный-2,82
6838,334,50 лет Победы,21,Восточный-2,84
6839,334,50 лет Победы,21,Восточный-2,86
6840,334,50 лет Победы,21,Восточный-2,87
6841,334,50 лет Победы,21,Восточный-2,89
6842,335,60 лет Победы,22,Восточный-1,1
6843,335,60 лет Победы,22,Восточный-1,1/1
6844,335,60 лет Победы,22,Восточный-1,10
6845,335,60 лет Победы,22,Восточный-1,11
6846,335,60 лет Победы,22,Восточный-1,12
6847,335,60 лет Победы,22,Восточный-1,13
6848,335,60 лет Победы,22,Восточный-1,15
6849,335,60 лет Победы,22,Восточный-1,15А
6850,335,60 лет Победы,22,Восточный-1,17
6851,335,60 лет Победы,22,Восточный-1,18
6852,335,60 лет Победы,22,Восточный-1,18/1
6853,335,60 лет Победы,22,Восточный-1,18/2
6854,335,60 лет Победы,22,Восточный-1,18а
6855,335,60 лет Победы,22,Восточный-1,18б
6856,335,60 лет Победы,22,Восточный-1,19
6857,335,60 лет Победы,22,Восточный-1,2
6858,335,60 лет Победы,22,Восточный-1,20
6859,335,60 лет Победы,22,Восточный-1,20/2
6860,335,60 лет Победы,22,Восточный-1,21
6861,335,60 лет Победы,22,Восточный-1,22
6862,335,60 лет Победы,22,Восточный-1,23
6863,335,60 лет Победы,22,Восточный-1,24
6864,335,60 лет Победы,22,Восточный-1,25
6865,335,60 лет Победы,22,Восточный-1,26
6866,335,60 лет Победы,22,Восточный-1,27
6867,335,60 лет Победы,22,Восточный-1,28
6868,335,60 лет Победы,22,Восточный-1,29
6869,335,60 лет Победы,22,Восточный-1,3
6870,335,60 лет Победы,22,Восточный-1,30
6871,335,60 лет Победы,22,Восточный-1,31
6872,335,60 лет Победы,22,Восточный-1,32
6873,335,60 лет Победы,22,Восточный-1,33
6874,335,60 лет Победы,22,Восточный-1,34
6875,335,60 лет Победы,22,Восточный-1,35
6876,335,60 лет Победы,22,Восточный-1,36
6877,335,60 лет Победы,22,Восточный-1,37
6878,335,60 лет Победы,22,Восточный-1,39
6879,335,60 лет Победы,22,Восточный-1,40
6880,335,60 лет Победы,22,Восточный-1,41
6881,335,60 лет Победы,22,Восточный-1,42
6882,335,60 лет Победы,22,Восточный-1,45
6883,335,60 лет Победы,22,Восточный-1,46
6884,335,60 лет Победы,22,Восточный-1,46/1
6885,335,60 лет Победы,22,Восточный-1,46А
6886,335,60 лет Победы,22,Восточный-1,47
6887,335,60 лет Победы,22,Восточный-1,48
6888,335,60 лет Победы,22,Восточный-1,49
6889,335,60 лет Победы,22,Восточный-1,5
6890,335,60 лет Победы,22,Восточный-1,50
6891,335,60 лет Победы,22,Восточный-1,51
6892,335,60 лет Победы,22,Восточный-1,51/1
6893,335,60 лет Победы,22,Восточный-1,52
6894,335,60 лет Победы,22,Восточный-1,53
6895,335,60 лет Победы,22,Восточный-1,54
6896,335,60 лет Победы,22,Восточный-1,56
6897,335,60 лет Победы,22,Восточный-1,57
6898,335,60 лет Победы,22,Восточный-1,58
6899,335,60 лет Победы,22,Восточный-1,59
6900,335,60 лет Победы,22,Восточный-1,6
6901,335,60 лет Победы,22,Восточный-1,6/1
6902,335,60 лет Победы,22,Восточный-1,6/2
6903,335,60 лет Победы,22,Восточный-1,60
6904,335,60 лет Победы,22,Восточный-1,61
6905,335,60 лет Победы,22,Восточный-1,62
6906,335,60 лет Победы,22,Восточный-1,63
6907,335,60 лет Победы,22,Восточный-1,64
6908,335,60 лет Победы,22,Восточный-1,68
6909,335,60 лет Победы,22,Восточный-1,7
6910,335,60 лет Победы,22,Восточный-1,72
6911,335,60 лет Победы,22,Восточный-1,79
6912,335,60 лет Победы,22,Восточный-1,79/1
6913,335,60 лет Победы,22,Восточный-1,8
6914,335,60 лет Победы,22,Восточный-1,81
6915,335,60 лет Победы,22,Восточный-1,83
6916,335,60 лет Победы,22,Восточный-1,85
6917,335,60 лет Победы,22,Восточный-1,9
6918,336,65 лет Победы,21,Восточный-2,1
6919,336,65 лет Победы,21,Восточный-2,1/2
6920,336,65 лет Победы,21,Восточный-2,10
6921,336,65 лет Победы,21,Восточный-2,12
6922,336,65 лет Победы,21,Восточный-2,13
6923,336,65 лет Победы,21,Восточный-2,14
6924,336,65 лет Победы,21,Восточный-2,15
6925,336,65 лет Победы,21,Восточный-2,16
6926,336,65 лет Победы,21,Восточный-2,17
6927,336,65 лет Победы,21,Восточный-2,18
6928,336,65 лет Победы,21,Восточный-2,19
6929,336,65 лет Победы,21,Восточный-2,19/1
6930,336,65 лет Победы,21,Восточный-2,2
6931,336,65 лет Победы,21,Восточный-2,2/1
6932,336,65 лет Победы,21,Восточный-2,21
6933,336,65 лет Победы,21,Восточный-2,25
6934,336,65 лет Победы,21,Восточный-2,26
6935,336,65 лет Победы,21,Восточный-2,34
6936,336,65 лет Победы,21,Восточный-2,39
6937,336,65 лет Победы,21,Восточный-2,40
6938,336,65 лет Победы,21,Восточный-2,41
6939,336,65 лет Победы,21,Восточный-2,44
6940,336,65 лет Победы,21,Восточный-2,44/1
6941,336,65 лет Победы,21,Восточный-2,45
6942,336,65 лет Победы,21,Восточный-2,46
6943,336,65 лет Победы,21,Восточный-2,47
6944,336,65 лет Победы,21,Восточный-2,48
6945,336,65 лет Победы,21,Восточный-2,5
6946,336,65 лет Победы,21,Восточный-2,50
6947,336,65 лет Победы,21,Восточный-2,51
6948,336,65 лет Победы,21,Восточный-2,53
6949,336,65 лет Победы,21,Восточный-2,55
6950,336,65 лет Победы,21,Восточный-2,57
6951,336,65 лет Победы,21,Восточный-2,6
6952,336,65 лет Победы,21,Восточный-2,66
6953,336,65 лет Победы,21,Восточный-2,69
6954,336,65 лет Победы,21,Восточный-2,7
6955,336,65 лет Победы,21,Восточный-2,70
6956,336,65 лет Победы,21,Восточный-2,70/1
6957,336,65 лет Победы,21,Восточный-2,72
6958,336,65 лет Победы,21,Восточный-2,74
6959,336,65 лет Победы,21,Восточный-2,79
6960,336,65 лет Победы,21,Восточный-2,8
6961,336,65 лет Победы,21,Восточный-2,81
6962,336,65 лет Победы,21,Восточный-2,83
6963,336,65 лет Победы,21,Восточный-2,84
6964,336,65 лет Победы,21,Восточный-2,85
6965,337,70 лет Октября,20,Южный,1
6966,337,70 лет Октября,20,Южный,10
6967,337,70 лет Октября,20,Южный,11
6968,337,70 лет Октября,20,Южный,12
6969,337,70 лет Октября,20,Южный,14
6970,337,70 лет Октября,20,Южный,15
6971,337,70 лет Октября,20,Южный,15/1
6972,337,70 лет Октября,20,Южный,16
6973,337,70 лет Октября,20,Южный,17
6974,337,70 лет Октября,20,Южный,17к1
6975,337,70 лет Октября,20,Южный,17к2
6976,337,70 лет Октября,20,Южный,17к3
6977,337,70 лет Октября,20,Южный,17к4
6978,337,70 лет Октября,20,Южный,18
6979,337,70 лет Октября,20,Южный,19
6980,337,70 лет Октября,20,Южный,19к1
6981,337,70 лет Октября,20,Южный,19к2
6982,337,70 лет Октября,20,Южный,19к3
6983,337,70 лет Октября,20,Южный,2
6984,337,70 лет Октября,20,Южный,21
6985,337,70 лет Октября,20,Южный,22
6986,337,70 лет Октября,20,Южный,22/1
6987,337,70 лет Октября,20,Южный,22/2
6988,337,70 лет Октября,20,Южный,23
6989,337,70 лет Октября,20,Южный,25
6990,337,70 лет Октября,20,Южный,26
6991,337,70 лет Октября,20,Южный,27
6992,337,70 лет Октября,20,Южный,28
6993,337,70 лет Октября,20,Южный,29
6994,337,70 лет Октября,20,Южный,3
6995,337,70 лет Октября,20,Южный,32
6996,337,70 лет Октября,20,Южный,33
6997,337,70 лет Октября,20,Южный,34
6998,337,70 лет Октября,20,Южный,35
6999,337,70 лет Октября,20,Южный,36
7000,337,70 лет Октября,20,Южный,37
7001,337,70 лет Октября,20,Южный,38
7002,337,70 лет Октября,20,Южный,4
7003,337,70 лет Октября,20,Южный,41
7004,337,70 лет Октября,20,Южный,43
7005,337,70 лет Октября,20,Южный,46
7006,337,70 лет Октября,20,Южный,47
7007,337,70 лет Октября,20,Южный,48
7008,337,70 лет Октября,20,Южный,49
7009,337,70 лет Октября,20,Южный,5
7010,337,70 лет Октября,20,Южный,50
7011,337,70 лет Октября,20,Южный,51
7012,337,70 лет Октября,20,Южный,51/1
7013,337,70 лет Октября,20,Южный,51к2
7014,337,70 лет Октября,20,Южный,51к3
7015,337,70 лет Октября,20,Южный,51к4
7016,337,70 лет Октября,20,Южный,51к5
7017,337,70 лет Октября,20,Южный,52
7018,337,70 лет Октября,20,Южный,53
7019,337,70 лет Октября,20,Южный,53к1
7020,337,70 лет Октября,20,Южный,53к2
7021,337,70 лет Октября,20,Южный,53к3
7022,337,70 лет Октября,20,Южный,54
7023,337,70 лет Октября,20,Южный,55
7024,337,70 лет Октября,20,Южный,56
7025,337,70 лет Октября,20,Южный,57
7026,337,70 лет Октября,20,Южный,58
7027,337,70 лет Октября,20,Южный,59
7028,337,70 лет Октября,20,Южный,6
7029,337,70 лет Октября,20,Южный,60
7030,337,70 лет Октября,20,Южный,63
7031,337,70 лет Октября,20,Южный,65
7032,337,70 лет Октября,20,Южный,67
7033,337,70 лет Октября,20,Южный,69
7034,337,70 лет Октября,20,Южный,71
7035,337,70 лет Октября,20,Южный,73
7036,337,70 лет Октября,20,Южный,75
7037,337,70 лет Октября,20,Южный,77
7038,337,70 лет Октября,20,Южный,79
7039,337,70 лет Октября,20,Южный,8
7040,337,70 лет Октября,20,Южный,81
7041,337,70 лет Октября,20,Южный,83
7042,337,70 лет Октября,20,Южный,85
7043,337,70 лет Октября,20,Южный,87
7044,337,70 лет Октября,20,Южный,89
7045,337,70 лет Октября,20,Южный,9
7046,338,Абзелиловская,22,Восточный-1,1
7047,338,Абзелиловская,22,Восточный-1,10
7048,338,Абзелиловская,22,Восточный-1,11
7049,338,Абзелиловская,22,Восточный-1,12
7050,338,Абзелиловская,22,Восточный-1,13
7051,338,Абзелиловская,22,Восточный-1,14
7052,338,Абзелиловская,22,Восточный-1,15
7053,338,Абзелиловская,22,Восточный-1,17
7054,338,Абзелиловская,22,Восточный-1,18
7055,338,Абзелиловская,22,Восточный-1,19
7056,338,Абзелиловская,22,Восточный-1,1а
7057,338,Абзелиловская,22,Восточный-1,23
7058,338,Абзелиловская,22,Восточный-1,3
7059,338,Абзелиловская,22,Восточный-1,4
7060,338,Абзелиловская,22,Восточный-1,5
7061,338,Абзелиловская,22,Восточный-1,6
7062,338,Абзелиловская,22,Восточный-1,8
7063,338,Абзелиловская,22,Восточный-1,9
7064,339,Ак Кайын,23,Северный,2
7065,339,Ак Кайын,23,Северный,3
7066,339,Ак Кайын,23,Северный,4
7067,339,Ак Кайын,23,Северный,5
7068,339,Ак Кайын,23,Северный,6
7069,339,Ак Кайын,23,Северный,8
7070,340,Ахмет Заки Валиди,23,Северный,1
7071,340,Ахмет Заки Валиди,23,Северный,10
7072,340,Ахмет Заки Валиди,23,Северный,11
7073,340,Ахмет Заки Валиди,23,Северный,12
7074,340,Ахмет Заки Валиди,23,Северный,13
7075,340,Ахмет Заки Валиди,23,Северный,14
7076,340,Ахмет Заки Валиди,23,Северный,15
7077,340,Ахмет Заки Валиди,23,Северный,16
7078,340,Ахмет Заки Валиди,23,Северный,17
7079,340,Ахмет Заки Валиди,23,Северный,19
7080,340,Ахмет Заки Валиди,23,Северный,19/3
7081,340,Ахмет Заки Валиди,23,Северный,2
7082,340,Ахмет Заки Валиди,23,Северный,21
7083,340,Ахмет Заки Валиди,23,Северный,22
7084,340,Ахмет Заки Валиди,23,Северный,23
7085,340,Ахмет Заки Валиди,23,Северный,24
7086,340,Ахмет Заки Валиди,23,Северный,25
7087,340,Ахмет Заки Валиди,23,Северный,26
7088,340,Ахмет Заки Валиди,23,Северный,27
7089,340,Ахмет Заки Валиди,23,Северный,28
7090,340,Ахмет Заки Валиди,23,Северный,29
7091,340,Ахмет Заки Валиди,23,Северный,3
7092,340,Ахмет Заки Валиди,23,Северный,30
7093,340,Ахмет Заки Валиди,23,Северный,31
7094,340,Ахмет Заки Валиди,23,Северный,32
7095,340,Ахмет Заки Валиди,23,Северный,33
7096,340,Ахмет Заки Валиди,23,Северный,35
7097,340,Ахмет Заки Валиди,23,Северный,4
7098,340,Ахмет Заки Валиди,23,Северный,5
7099,340,Ахмет Заки Валиди,23,Северный,6
7100,340,Ахмет Заки Валиди,23,Северный,7
7101,340,Ахмет Заки Валиди,23,Северный,9
7102,341,Ахмета Лутфуллина,21,Восточный-2,13
7103,341,Ахмета Лутфуллина,21,Восточный-2,13/1
7104,341,Ахмета Лутфуллина,21,Восточный-2,15
7105,341,Ахмета Лутфуллина,21,Восточный-2,16
7106,341,Ахмета Лутфуллина,21,Восточный-2,18
7107,341,Ахмета Лутфуллина,21,Восточный-2,19
7108,341,Ахмета Лутфуллина,21,Восточный-2,20
7109,341,Ахмета Лутфуллина,21,Восточный-2,21
7110,341,Ахмета Лутфуллина,21,Восточный-2,22
7111,341,Ахмета Лутфуллина,21,Восточный-2,23/5
7112,341,Ахмета Лутфуллина,21,Восточный-2,24
7113,341,Ахмета Лутфуллина,21,Восточный-2,25
7114,341,Ахмета Лутфуллина,21,Восточный-2,26
7115,341,Ахмета Лутфуллина,21,Восточный-2,27
7116,341,Ахмета Лутфуллина,21,Восточный-2,28
7117,341,Ахмета Лутфуллина,21,Восточный-2,29
7118,341,Ахмета Лутфуллина,21,Восточный-2,30
7119,341,Ахмета Лутфуллина,21,Восточный-2,30/1
7120,341,Ахмета Лутфуллина,21,Восточный-2,31
7121,341,Ахмета Лутфуллина,21,Восточный-2,32
7122,341,Ахмета Лутфуллина,21,Восточный-2,35
7123,341,Ахмета Лутфуллина,21,Восточный-2,36
7124,341,Ахмета Лутфуллина,21,Восточный-2,37
7125,341,Ахмета Лутфуллина,21,Восточный-2,40
7126,341,Ахмета Лутфуллина,21,Восточный-2,42
7127,341,Ахмета Лутфуллина,21,Восточный-2,43
7128,341,Ахмета Лутфуллина,21,Восточный-2,44
7129,341,Ахмета Лутфуллина,21,Восточный-2,45
7130,341,Ахмета Лутфуллина,21,Восточный-2,46
7131,341,Ахмета Лутфуллина,21,Восточный-2,48
7132,341,Ахмета Лутфуллина,21,Восточный-2,49
7133,341,Ахмета Лутфуллина,21,Восточный-2,6
7134,341,Ахмета Лутфуллина,21,Восточный-2,8
7135,342,Бииш Батыра,21,Восточный-2,1
7136,342,Бииш Батыра,21,Восточный-2,1/1
7137,342,Бииш Батыра,21,Восточный-2,10
7138,342,Бииш Батыра,21,Восточный-2,11
7139,342,Бииш Батыра,21,Восточный-2,12
7140,342,Бииш Батыра,21,Восточный-2,13
7141,342,Бииш Батыра,21,Восточный-2,14
7142,342,Бииш Батыра,21,Восточный-2,14/1
7143,342,Бииш Батыра,21,Восточный-2,14/2
7144,342,Бииш Батыра,21,Восточный-2,14/3
7145,342,Бииш Батыра,21,Восточный-2,15
7146,342,Бииш Батыра,21,Восточный-2,15/1
7147,342,Бииш Батыра,21,Восточный-2,15/3
7148,342,Бииш Батыра,21,Восточный-2,16
7149,342,Бииш Батыра,21,Восточный-2,16/1
7150,342,Бииш Батыра,21,Восточный-2,16/2
7151,342,Бииш Батыра,21,Восточный-2,16а
7152,342,Бииш Батыра,21,Восточный-2,17/2
7153,342,Бииш Батыра,21,Восточный-2,17/3
7154,342,Бииш Батыра,21,Восточный-2,18
7155,342,Бииш Батыра,21,Восточный-2,19
7156,342,Бииш Батыра,21,Восточный-2,2
7157,342,Бииш Батыра,21,Восточный-2,20
7158,342,Бииш Батыра,21,Восточный-2,21
7159,342,Бииш Батыра,21,Восточный-2,22
7160,342,Бииш Батыра,21,Восточный-2,23
7161,342,Бииш Батыра,21,Восточный-2,25
7162,342,Бииш Батыра,21,Восточный-2,26
7163,342,Бииш Батыра,21,Восточный-2,27
7164,342,Бииш Батыра,21,Восточный-2,28
7165,342,Бииш Батыра,21,Восточный-2,29
7166,342,Бииш Батыра,21,Восточный-2,30
7167,342,Бииш Батыра,21,Восточный-2,31
7168,342,Бииш Батыра,21,Восточный-2,32
7169,342,Бииш Батыра,21,Восточный-2,33
7170,342,Бииш Батыра,21,Восточный-2,34
7171,342,Бииш Батыра,21,Восточный-2,35
7172,342,Бииш Батыра,21,Восточный-2,36
7173,342,Бииш Батыра,21,Восточный-2,37
7174,342,Бииш Батыра,21,Восточный-2,38
7175,342,Бииш Батыра,21,Восточный-2,39
7176,342,Бииш Батыра,21,Восточный-2,4
7177,342,Бииш Батыра,21,Восточный-2,40
7178,342,Бииш Батыра,21,Восточный-2,41
7179,342,Бииш Батыра,21,Восточный-2,42
7180,342,Бииш Батыра,21,Восточный-2,44
7181,342,Бииш Батыра,21,Восточный-2,47
7182,342,Бииш Батыра,21,Восточный-2,48
7183,342,Бииш Батыра,21,Восточный-2,5
7184,342,Бииш Батыра,21,Восточный-2,50
7185,342,Бииш Батыра,21,Восточный-2,53
7186,342,Бииш Батыра,21,Восточный-2,6
7187,342,Бииш Батыра,21,Восточный-2,7
7188,342,Бииш Батыра,21,Восточный-2,8
7189,342,Бииш Батыра,21,Восточный-2,9
7190,343,Вафира Тайсина,22,Восточный-1,10
7191,343,Вафира Тайсина,22,Восточный-1,11
7192,343,Вафира Тайсина,22,Восточный-1,11/1
7193,343,Вафира Тайсина,22,Восточный-1,12
7194,343,Вафира Тайсина,22,Восточный-1,14
7195,343,Вафира Тайсина,22,Восточный-1,15
7196,343,Вафира Тайсина,22,Восточный-1,16
7197,343,Вафира Тайсина,22,Восточный-1,17
7198,343,Вафира Тайсина,22,Восточный-1,19
7199,343,Вафира Тайсина,22,Восточный-1,1А
7200,343,Вафира Тайсина,22,Восточный-1,1Б
7201,343,Вафира Тайсина,22,Восточный-1,2
7202,343,Вафира Тайсина,22,Восточный-1,2/1
7203,343,Вафира Тайсина,22,Восточный-1,2/2
7204,343,Вафира Тайсина,22,Восточный-1,21
7205,343,Вафира Тайсина,22,Восточный-1,23
7206,343,Вафира Тайсина,22,Восточный-1,3
7207,343,Вафира Тайсина,22,Восточный-1,4
7208,343,Вафира Тайсина,22,Восточный-1,6
7209,343,Вафира Тайсина,22,Восточный-1,8
7210,343,Вафира Тайсина,22,Восточный-1,9
7211,344,Весенняя,22,Восточный-1,7
7212,345,Гагарина,19,Центр,1
7213,345,Гагарина,19,Центр,11
7214,345,Гагарина,19,Центр,1а
7215,345,Гагарина,19,Центр,2а
7216,345,Гагарина,19,Центр,3
7217,345,Гагарина,19,Центр,4
7218,345,Гагарина,19,Центр,5
7219,345,Гагарина,19,Центр,6
7220,345,Гагарина,19,Центр,7
7221,345,Гагарина,19,Центр,8
7222,345,Гагарина,19,Центр,9
7223,346,Гинията Ушанова,22,Восточный-1,1
7224,346,Гинията Ушанова,22,Восточный-1,10
7225,346,Гинията Ушанова,22,Восточный-1,11
7226,346,Гинията Ушанова,22,Восточный-1,12
7227,346,Гинията Ушанова,22,Восточный-1,13
7228,346,Гинията Ушанова,22,Восточный-1,14
7229,346,Гинията Ушанова,22,Восточный-1,15
7230,346,Гинията Ушанова,22,Восточный-1,16
7231,346,Гинията Ушанова,22,Восточный-1,17
7232,346,Гинията Ушанова,22,Восточный-1,18
7233,346,Гинията Ушанова,22,Восточный-1,19
7234,346,Гинията Ушанова,22,Восточный-1,2
7235,346,Гинията Ушанова,22,Восточный-1,20
7236,346,Гинията Ушанова,22,Восточный-1,21
7237,346,Гинията Ушанова,22,Восточный-1,22
7238,346,Гинията Ушанова,22,Восточный-1,23
7239,346,Гинията Ушанова,22,Восточный-1,24
7240,346,Гинията Ушанова,22,Восточный-1,25
7241,346,Гинията Ушанова,22,Восточный-1,26
7242,346,Гинията Ушанова,22,Восточный-1,27
7243,346,Гинията Ушанова,22,Восточный-1,28
7244,346,Гинията Ушанова,22,Восточный-1,29
7245,346,Гинията Ушанова,22,Восточный-1,3
7246,346,Гинията Ушанова,22,Восточный-1,30
7247,346,Гинията Ушанова,22,Восточный-1,31
7248,346,Гинията Ушанова,22,Восточный-1,32
7249,346,Гинията Ушанова,22,Восточный-1,33
7250,346,Гинията Ушанова,22,Восточный-1,34
7251,346,Гинията Ушанова,22,Восточный-1,35
7252,346,Гинията Ушанова,22,Восточный-1,36
7253,346,Гинията Ушанова,22,Восточный-1,37
7254,346,Гинията Ушанова,22,Восточный-1,38
7255,346,Гинията Ушанова,22,Восточный-1,39
7256,346,Гинията Ушанова,22,Восточный-1,4
7257,346,Гинията Ушанова,22,Восточный-1,40
7258,346,Гинията Ушанова,22,Восточный-1,5
7259,346,Гинията Ушанова,22,Восточный-1,56
7260,346,Гинията Ушанова,22,Восточный-1,6
7261,346,Гинията Ушанова,22,Восточный-1,7
7262,346,Гинията Ушанова,22,Восточный-1,8
7263,346,Гинията Ушанова,22,Восточный-1,9
7264,347,Горная,19,Центр,1
7265,347,Горная,19,Центр,10
7266,347,Горная,19,Центр,11
7267,347,Горная,19,Центр,12
7268,347,Горная,19,Центр,13
7269,347,Горная,19,Центр,13А
7270,347,Горная,19,Центр,14
7271,347,Горная,19,Центр,15
7272,347,Горная,19,Центр,16
7273,347,Горная,19,Центр,17
7274,347,Горная,19,Центр,18
7275,347,Горная,19,Центр,19
7276,347,Горная,19,Центр,1а
7277,347,Горная,19,Центр,1б
7278,347,Горная,19,Центр,2
7279,347,Горная,19,Центр,2/1
7280,347,Горная,19,Центр,20
7281,347,Горная,19,Центр,21
7282,347,Горная,19,Центр,21А
7283,347,Горная,19,Центр,21Б
7284,347,Горная,19,Центр,23
7285,347,Горная,19,Центр,24
7286,347,Горная,19,Центр,25
7287,347,Горная,19,Центр,26
7288,347,Горная,19,Центр,27
7289,347,Горная,19,Центр,28
7290,347,Горная,19,Центр,29
7291,347,Горная,19,Центр,2В
7292,347,Горная,19,Центр,2а
7293,347,Горная,19,Центр,2б
7294,347,Горная,19,Центр,3
7295,347,Горная,19,Центр,30
7296,347,Горная,19,Центр,31
7297,347,Горная,19,Центр,32
7298,347,Горная,19,Центр,33
7299,347,Горная,19,Центр,34
7300,347,Горная,19,Центр,35
7301,347,Горная,19,Центр,36
7302,347,Горная,19,Центр,37
7303,347,Горная,19,Центр,38
7304,347,Горная,19,Центр,39
7305,347,Горная,19,Центр,3А
7306,347,Горная,19,Центр,4
7307,347,Горная,19,Центр,40
7308,347,Горная,19,Центр,41
7309,347,Горная,19,Центр,42
7310,347,Горная,19,Центр,43
7311,347,Горная,19,Центр,43а
7312,347,Горная,19,Центр,44
7313,347,Горная,19,Центр,45
7314,347,Горная,19,Центр,46
7315,347,Горная,19,Центр,47а
7316,347,Горная,19,Центр,48
7317,347,Горная,19,Центр,49
7318,347,Горная,19,Центр,5
7319,347,Горная,19,Центр,50
7320,347,Горная,19,Центр,50а
7321,347,Горная,19,Центр,50б
7322,347,Горная,19,Центр,51
7323,347,Горная,19,Центр,53
7324,347,Горная,19,Центр,55
7325,347,Горная,19,Центр,57
7326,347,Горная,19,Центр,6
7327,347,Горная,19,Центр,7
7328,347,Горная,19,Центр,8
7329,347,Горная,19,Центр,8а
7330,347,Горная,19,Центр,9
7331,348,Дружбы,20,Южный,1
7332,348,Дружбы,20,Южный,10
7333,348,Дружбы,20,Южный,11
7334,348,Дружбы,20,Южный,11к1
7335,348,Дружбы,20,Южный,12
7336,348,Дружбы,20,Южный,13
7337,348,Дружбы,20,Южный,14
7338,348,Дружбы,20,Южный,15
7339,348,Дружбы,20,Южный,16
7340,348,Дружбы,20,Южный,17
7341,348,Дружбы,20,Южный,18
7342,348,Дружбы,20,Южный,19
7343,348,Дружбы,20,Южный,2
7344,348,Дружбы,20,Южный,20
7345,348,Дружбы,20,Южный,21
7346,348,Дружбы,20,Южный,22
7347,348,Дружбы,20,Южный,23
7348,348,Дружбы,20,Южный,23А
7349,348,Дружбы,20,Южный,24
7350,348,Дружбы,20,Южный,25
7351,348,Дружбы,20,Южный,26
7352,348,Дружбы,20,Южный,27
7353,348,Дружбы,20,Южный,28
7354,348,Дружбы,20,Южный,3
7355,348,Дружбы,20,Южный,30
7356,348,Дружбы,20,Южный,31
7357,348,Дружбы,20,Южный,32
7358,348,Дружбы,20,Южный,33
7359,348,Дружбы,20,Южный,35/1
7360,348,Дружбы,20,Южный,4
7361,348,Дружбы,20,Южный,5
7362,348,Дружбы,20,Южный,6
7363,348,Дружбы,20,Южный,7
7364,348,Дружбы,20,Южный,8
7365,348,Дружбы,20,Южный,9
7366,349,Емельяна Пугачева,22,Восточный-1,12
7367,349,Емельяна Пугачева,22,Восточный-1,15
7368,349,Емельяна Пугачева,22,Восточный-1,17
7369,349,Емельяна Пугачева,22,Восточный-1,25
7370,349,Емельяна Пугачева,22,Восточный-1,26
7371,349,Емельяна Пугачева,22,Восточный-1,4
7372,349,Емельяна Пугачева,22,Восточный-1,44
7373,349,Емельяна Пугачева,22,Восточный-1,5
7374,349,Емельяна Пугачева,22,Восточный-1,6
7375,349,Емельяна Пугачева,22,Восточный-1,7
7376,349,Емельяна Пугачева,22,Восточный-1,9
7377,350,Загира Исмагилова,22,Восточный-1,1
7378,350,Загира Исмагилова,22,Восточный-1,10
7379,350,Загира Исмагилова,22,Восточный-1,11
7380,350,Загира Исмагилова,22,Восточный-1,12
7381,350,Загира Исмагилова,22,Восточный-1,13
7382,350,Загира Исмагилова,22,Восточный-1,14
7383,350,Загира Исмагилова,22,Восточный-1,15/1
7384,350,Загира Исмагилова,22,Восточный-1,16
7385,350,Загира Исмагилова,22,Восточный-1,17
7386,350,Загира Исмагилова,22,Восточный-1,18
7387,350,Загира Исмагилова,22,Восточный-1,19
7388,350,Загира Исмагилова,22,Восточный-1,20
7389,350,Загира Исмагилова,22,Восточный-1,22
7390,350,Загира Исмагилова,22,Восточный-1,23
7391,350,Загира Исмагилова,22,Восточный-1,25
7392,350,Загира Исмагилова,22,Восточный-1,27/1
7393,350,Загира Исмагилова,22,Восточный-1,29
7394,350,Загира Исмагилова,22,Восточный-1,3
7395,350,Загира Исмагилова,22,Восточный-1,31
7396,350,Загира Исмагилова,22,Восточный-1,32/1
7397,350,Загира Исмагилова,22,Восточный-1,33
7398,350,Загира Исмагилова,22,Восточный-1,34
7399,350,Загира Исмагилова,22,Восточный-1,35
7400,350,Загира Исмагилова,22,Восточный-1,36
7401,350,Загира Исмагилова,22,Восточный-1,38
7402,350,Загира Исмагилова,22,Восточный-1,39
7403,350,Загира Исмагилова,22,Восточный-1,40
7404,350,Загира Исмагилова,22,Восточный-1,41
7405,350,Загира Исмагилова,22,Восточный-1,42
7406,350,Загира Исмагилова,22,Восточный-1,43
7407,350,Загира Исмагилова,22,Восточный-1,44
7408,350,Загира Исмагилова,22,Восточный-1,46
7409,350,Загира Исмагилова,22,Восточный-1,49
7410,350,Загира Исмагилова,22,Восточный-1,5
7411,350,Загира Исмагилова,22,Восточный-1,9
7412,351,Зайнаб Биишевой,22,Восточный-1,22
7413,351,Зайнаб Биишевой,22,Восточный-1,23
7414,351,Зайнаб Биишевой,22,Восточный-1,24
7415,351,Зайнаб Биишевой,22,Восточный-1,25
7416,351,Зайнаб Биишевой,22,Восточный-1,26
7417,351,Зайнаб Биишевой,22,Восточный-1,30
7418,351,Зайнаб Биишевой,22,Восточный-1,32
7419,351,Зайнаб Биишевой,22,Восточный-1,36
7420,351,Зайнаб Биишевой,22,Восточный-1,37
7421,351,Зайнаб Биишевой,22,Восточный-1,37/1
7422,351,Зайнаб Биишевой,22,Восточный-1,39
7423,351,Зайнаб Биишевой,22,Восточный-1,40
7424,351,Зайнаб Биишевой,22,Восточный-1,44
7425,351,Зайнаб Биишевой,22,Восточный-1,46
7426,351,Зайнаб Биишевой,22,Восточный-1,48
7427,351,Зайнаб Биишевой,22,Восточный-1,49
7428,351,Зайнаб Биишевой,22,Восточный-1,50/1
7429,351,Зайнаб Биишевой,22,Восточный-1,52
7430,351,Зайнаб Биишевой,22,Восточный-1,54
7431,351,Зайнаб Биишевой,22,Восточный-1,56
7432,351,Зайнаб Биишевой,22,Восточный-1,64
7433,351,Зайнаб Биишевой,22,Восточный-1,9/1
7434,352,Идяш,20,Южный,1
7435,352,Идяш,20,Южный,10
7436,352,Идяш,20,Южный,12
7437,352,Идяш,20,Южный,14
7438,352,Идяш,20,Южный,16
7439,352,Идяш,20,Южный,18
7440,352,Идяш,20,Южный,2
7441,352,Идяш,20,Южный,20
7442,352,Идяш,20,Южный,22
7443,352,Идяш,20,Южный,24
7444,352,Идяш,20,Южный,26
7445,352,Идяш,20,Южный,28
7446,352,Идяш,20,Южный,3
7447,352,Идяш,20,Южный,30
7448,352,Идяш,20,Южный,32
7449,352,Идяш,20,Южный,34
7450,352,Идяш,20,Южный,36
7451,352,Идяш,20,Южный,38
7452,352,Идяш,20,Южный,4
7453,352,Идяш,20,Южный,40
7454,352,Идяш,20,Южный,41
7455,352,Идяш,20,Южный,42
7456,352,Идяш,20,Южный,43
7457,352,Идяш,20,Южный,44
7458,352,Идяш,20,Южный,45
7459,352,Идяш,20,Южный,45/1
7460,352,Идяш,20,Южный,46
7461,352,Идяш,20,Южный,47
7462,352,Идяш,20,Южный,48
7463,352,Идяш,20,Южный,49
7464,352,Идяш,20,Южный,5
7465,352,Идяш,20,Южный,50
7466,352,Идяш,20,Южный,51
7467,352,Идяш,20,Южный,52
7468,352,Идяш,20,Южный,53
7469,352,Идяш,20,Южный,56
7470,352,Идяш,20,Южный,57
7471,352,Идяш,20,Южный,6
7472,352,Идяш,20,Южный,7
7473,352,Идяш,20,Южный,8
7474,352,Идяш,20,Южный,86А
7475,352,Идяш,20,Южный,87
7476,352,Идяш,20,Южный,9
7477,352,Идяш,20,Южный,91
7478,352,Идяш,20,Южный,93
7479,353,Иншара Султанбаева,21,Восточный-2,50
7480,353,Иншара Султанбаева,21,Восточный-2,51
7481,353,Иншара Султанбаева,21,Восточный-2,56
7482,353,Иншара Султанбаева,21,Восточный-2,57
7483,353,Иншара Султанбаева,21,Восточный-2,59
7484,354,Искра,20,Южный,1
7485,354,Искра,20,Южный,10
7486,354,Искра,20,Южный,11
7487,354,Искра,20,Южный,12
7488,354,Искра,20,Южный,13
7489,354,Искра,20,Южный,14
7490,354,Искра,20,Южный,15
7491,354,Искра,20,Южный,16
7492,354,Искра,20,Южный,17
7493,354,Искра,20,Южный,19
7494,354,Искра,20,Южный,2
7495,354,Искра,20,Южный,21
7496,354,Искра,20,Южный,23
7497,354,Искра,20,Южный,25
7498,354,Искра,20,Южный,26
7499,354,Искра,20,Южный,27
7500,354,Искра,20,Южный,3
7501,354,Искра,20,Южный,4
7502,354,Искра,20,Южный,6
7503,354,Искра,20,Южный,7
7504,354,Искра,20,Южный,8
7505,354,Искра,20,Южный,9
7506,355,Ишмурзы Хидиятова,21,Восточный-2,1
7507,355,Ишмурзы Хидиятова,21,Восточный-2,10
7508,355,Ишмурзы Хидиятова,21,Восточный-2,10/1
7509,355,Ишмурзы Хидиятова,21,Восточный-2,11
7510,355,Ишмурзы Хидиятова,21,Восточный-2,13
7511,355,Ишмурзы Хидиятова,21,Восточный-2,14
7512,355,Ишмурзы Хидиятова,21,Восточный-2,15
7513,355,Ишмурзы Хидиятова,21,Восточный-2,15/1
7514,355,Ишмурзы Хидиятова,21,Восточный-2,16
7515,355,Ишмурзы Хидиятова,21,Восточный-2,17
7516,355,Ишмурзы Хидиятова,21,Восточный-2,18
7517,355,Ишмурзы Хидиятова,21,Восточный-2,18/1
7518,355,Ишмурзы Хидиятова,21,Восточный-2,19
7519,355,Ишмурзы Хидиятова,21,Восточный-2,19/1
7520,355,Ишмурзы Хидиятова,21,Восточный-2,19/2
7521,355,Ишмурзы Хидиятова,21,Восточный-2,2
7522,355,Ишмурзы Хидиятова,21,Восточный-2,20
7523,355,Ишмурзы Хидиятова,21,Восточный-2,21
7524,355,Ишмурзы Хидиятова,21,Восточный-2,22
7525,355,Ишмурзы Хидиятова,21,Восточный-2,23
7526,355,Ишмурзы Хидиятова,21,Восточный-2,23/1
7527,355,Ишмурзы Хидиятова,21,Восточный-2,25/1
7528,355,Ишмурзы Хидиятова,21,Восточный-2,26
7529,355,Ишмурзы Хидиятова,21,Восточный-2,27
7530,355,Ишмурзы Хидиятова,21,Восточный-2,28
7531,355,Ишмурзы Хидиятова,21,Восточный-2,29
7532,355,Ишмурзы Хидиятова,21,Восточный-2,2А
7533,355,Ишмурзы Хидиятова,21,Восточный-2,3
7534,355,Ишмурзы Хидиятова,21,Восточный-2,31
7535,355,Ишмурзы Хидиятова,21,Восточный-2,32
7536,355,Ишмурзы Хидиятова,21,Восточный-2,33
7537,355,Ишмурзы Хидиятова,21,Восточный-2,34
7538,355,Ишмурзы Хидиятова,21,Восточный-2,35/1
7539,355,Ишмурзы Хидиятова,21,Восточный-2,36
7540,355,Ишмурзы Хидиятова,21,Восточный-2,38
7541,355,Ишмурзы Хидиятова,21,Восточный-2,4
7542,355,Ишмурзы Хидиятова,21,Восточный-2,40
7543,355,Ишмурзы Хидиятова,21,Восточный-2,41
7544,355,Ишмурзы Хидиятова,21,Восточный-2,42
7545,355,Ишмурзы Хидиятова,21,Восточный-2,43
7546,355,Ишмурзы Хидиятова,21,Восточный-2,45
7547,355,Ишмурзы Хидиятова,21,Восточный-2,46
7548,355,Ишмурзы Хидиятова,21,Восточный-2,47
7549,355,Ишмурзы Хидиятова,21,Восточный-2,48
7550,355,Ишмурзы Хидиятова,21,Восточный-2,49
7551,355,Ишмурзы Хидиятова,21,Восточный-2,5
7552,355,Ишмурзы Хидиятова,21,Восточный-2,5/1
7553,355,Ишмурзы Хидиятова,21,Восточный-2,5/2
7554,355,Ишмурзы Хидиятова,21,Восточный-2,5/3
7555,355,Ишмурзы Хидиятова,21,Восточный-2,50
7556,355,Ишмурзы Хидиятова,21,Восточный-2,51
7557,355,Ишмурзы Хидиятова,21,Восточный-2,52
7558,355,Ишмурзы Хидиятова,21,Восточный-2,53
7559,355,Ишмурзы Хидиятова,21,Восточный-2,54
7560,355,Ишмурзы Хидиятова,21,Восточный-2,56
7561,355,Ишмурзы Хидиятова,21,Восточный-2,58
7562,355,Ишмурзы Хидиятова,21,Восточный-2,59
7563,355,Ишмурзы Хидиятова,21,Восточный-2,6
7564,355,Ишмурзы Хидиятова,21,Восточный-2,61
7565,355,Ишмурзы Хидиятова,21,Восточный-2,7
7566,355,Ишмурзы Хидиятова,21,Восточный-2,7/2
7567,355,Ишмурзы Хидиятова,21,Восточный-2,7а
7568,355,Ишмурзы Хидиятова,21,Восточный-2,9
7569,355,Ишмурзы Хидиятова,21,Восточный-2,9/1
7570,355,Ишмурзы Хидиятова,21,Восточный-2,9/3
7571,356,Ишмухамета Мырзакаева,22,Восточный-1,1
7572,356,Ишмухамета Мырзакаева,22,Восточный-1,1/1
7573,356,Ишмухамета Мырзакаева,22,Восточный-1,10
7574,356,Ишмухамета Мырзакаева,22,Восточный-1,11
7575,356,Ишмухамета Мырзакаева,22,Восточный-1,11к1
7576,356,Ишмухамета Мырзакаева,22,Восточный-1,12
7577,356,Ишмухамета Мырзакаева,22,Восточный-1,13
7578,356,Ишмухамета Мырзакаева,22,Восточный-1,13/1
7579,356,Ишмухамета Мырзакаева,22,Восточный-1,14
7580,356,Ишмухамета Мырзакаева,22,Восточный-1,15
7581,356,Ишмухамета Мырзакаева,22,Восточный-1,16
7582,356,Ишмухамета Мырзакаева,22,Восточный-1,18
7583,356,Ишмухамета Мырзакаева,22,Восточный-1,19
7584,356,Ишмухамета Мырзакаева,22,Восточный-1,2
7585,356,Ишмухамета Мырзакаева,22,Восточный-1,20
7586,356,Ишмухамета Мырзакаева,22,Восточный-1,21
7587,356,Ишмухамета Мырзакаева,22,Восточный-1,22
7588,356,Ишмухамета Мырзакаева,22,Восточный-1,23
7589,356,Ишмухамета Мырзакаева,22,Восточный-1,24
7590,356,Ишмухамета Мырзакаева,22,Восточный-1,25
7591,356,Ишмухамета Мырзакаева,22,Восточный-1,25/1
7592,356,Ишмухамета Мырзакаева,22,Восточный-1,26
7593,356,Ишмухамета Мырзакаева,22,Восточный-1,27
7594,356,Ишмухамета Мырзакаева,22,Восточный-1,28
7595,356,Ишмухамета Мырзакаева,22,Восточный-1,29
7596,356,Ишмухамета Мырзакаева,22,Восточный-1,30
7597,356,Ишмухамета Мырзакаева,22,Восточный-1,32
7598,356,Ишмухамета Мырзакаева,22,Восточный-1,33
7599,356,Ишмухамета Мырзакаева,22,Восточный-1,34
7600,356,Ишмухамета Мырзакаева,22,Восточный-1,35
7601,356,Ишмухамета Мырзакаева,22,Восточный-1,35/2
7602,356,Ишмухамета Мырзакаева,22,Восточный-1,36
7603,356,Ишмухамета Мырзакаева,22,Восточный-1,37
7604,356,Ишмухамета Мырзакаева,22,Восточный-1,38
7605,356,Ишмухамета Мырзакаева,22,Восточный-1,4
7606,356,Ишмухамета Мырзакаева,22,Восточный-1,40
7607,356,Ишмухамета Мырзакаева,22,Восточный-1,41
7608,356,Ишмухамета Мырзакаева,22,Восточный-1,42
7609,356,Ишмухамета Мырзакаева,22,Восточный-1,44
7610,356,Ишмухамета Мырзакаева,22,Восточный-1,48
7611,356,Ишмухамета Мырзакаева,22,Восточный-1,5
7612,356,Ишмухамета Мырзакаева,22,Восточный-1,52/1
7613,356,Ишмухамета Мырзакаева,22,Восточный-1,54
7614,356,Ишмухамета Мырзакаева,22,Восточный-1,56
7615,356,Ишмухамета Мырзакаева,22,Восточный-1,58
7616,356,Ишмухамета Мырзакаева,22,Восточный-1,6
7617,356,Ишмухамета Мырзакаева,22,Восточный-1,60
7618,356,Ишмухамета Мырзакаева,22,Восточный-1,66
7619,356,Ишмухамета Мырзакаева,22,Восточный-1,7
7620,356,Ишмухамета Мырзакаева,22,Восточный-1,8
7621,356,Ишмухамета Мырзакаева,22,Восточный-1,9
7622,357,Кима Ахмедьянова,22,Восточный-1,1
7623,357,Кима Ахмедьянова,22,Восточный-1,10
7624,357,Кима Ахмедьянова,22,Восточный-1,11
7625,357,Кима Ахмедьянова,22,Восточный-1,12
7626,357,Кима Ахмедьянова,22,Восточный-1,13
7627,357,Кима Ахмедьянова,22,Восточный-1,14
7628,357,Кима Ахмедьянова,22,Восточный-1,15
7629,357,Кима Ахмедьянова,22,Восточный-1,16
7630,357,Кима Ахмедьянова,22,Восточный-1,17
7631,357,Кима Ахмедьянова,22,Восточный-1,19
7632,357,Кима Ахмедьянова,22,Восточный-1,1а
7633,357,Кима Ахмедьянова,22,Восточный-1,2
7634,357,Кима Ахмедьянова,22,Восточный-1,20
7635,357,Кима Ахмедьянова,22,Восточный-1,21
7636,357,Кима Ахмедьянова,22,Восточный-1,22
7637,357,Кима Ахмедьянова,22,Восточный-1,23
7638,357,Кима Ахмедьянова,22,Восточный-1,24
7639,357,Кима Ахмедьянова,22,Восточный-1,25
7640,357,Кима Ахмедьянова,22,Восточный-1,26
7641,357,Кима Ахмедьянова,22,Восточный-1,27
7642,357,Кима Ахмедьянова,22,Восточный-1,28
7643,357,Кима Ахмедьянова,22,Восточный-1,29
7644,357,Кима Ахмедьянова,22,Восточный-1,3
7645,357,Кима Ахмедьянова,22,Восточный-1,30
7646,357,Кима Ахмедьянова,22,Восточный-1,32
7647,357,Кима Ахмедьянова,22,Восточный-1,34
7648,357,Кима Ахмедьянова,22,Восточный-1,35
7649,357,Кима Ахмедьянова,22,Восточный-1,36
7650,357,Кима Ахмедьянова,22,Восточный-1,37
7651,357,Кима Ахмедьянова,22,Восточный-1,38
7652,357,Кима Ахмедьянова,22,Восточный-1,38/1
7653,357,Кима Ахмедьянова,22,Восточный-1,38/2
7654,357,Кима Ахмедьянова,22,Восточный-1,38/3
7655,357,Кима Ахмедьянова,22,Восточный-1,39
7656,357,Кима Ахмедьянова,22,Восточный-1,4
7657,357,Кима Ахмедьянова,22,Восточный-1,40
7658,357,Кима Ахмедьянова,22,Восточный-1,40/1
7659,357,Кима Ахмедьянова,22,Восточный-1,40/3
7660,357,Кима Ахмедьянова,22,Восточный-1,41
7661,357,Кима Ахмедьянова,22,Восточный-1,42
7662,357,Кима Ахмедьянова,22,Восточный-1,43
7663,357,Кима Ахмедьянова,22,Восточный-1,44
7664,357,Кима Ахмедьянова,22,Восточный-1,46
7665,357,Кима Ахмедьянова,22,Восточный-1,48
7666,357,Кима Ахмедьянова,22,Восточный-1,49
7667,357,Кима Ахмедьянова,22,Восточный-1,5
7668,357,Кима Ахмедьянова,22,Восточный-1,50
7669,357,Кима Ахмедьянова,22,Восточный-1,51
7670,357,Кима Ахмедьянова,22,Восточный-1,52
7671,357,Кима Ахмедьянова,22,Восточный-1,53
7672,357,Кима Ахмедьянова,22,Восточный-1,54
7673,357,Кима Ахмедьянова,22,Восточный-1,56
7674,357,Кима Ахмедьянова,22,Восточный-1,57
7675,357,Кима Ахмедьянова,22,Восточный-1,58
7676,357,Кима Ахмедьянова,22,Восточный-1,59
7677,357,Кима Ахмедьянова,22,Восточный-1,6
7678,357,Кима Ахмедьянова,22,Восточный-1,60
7679,357,Кима Ахмедьянова,22,Восточный-1,62
7680,357,Кима Ахмедьянова,22,Восточный-1,63
7681,357,Кима Ахмедьянова,22,Восточный-1,65
7682,357,Кима Ахмедьянова,22,Восточный-1,67
7683,357,Кима Ахмедьянова,22,Восточный-1,68
7684,357,Кима Ахмедьянова,22,Восточный-1,69
7685,357,Кима Ахмедьянова,22,Восточный-1,7
7686,357,Кима Ахмедьянова,22,Восточный-1,70
7687,357,Кима Ахмедьянова,22,Восточный-1,71
7688,357,Кима Ахмедьянова,22,Восточный-1,72
7689,357,Кима Ахмедьянова,22,Восточный-1,72/1
7690,357,Кима Ахмедьянова,22,Восточный-1,74
7691,357,Кима Ахмедьянова,22,Восточный-1,76
7692,357,Кима Ахмедьянова,22,Восточный-1,8
7693,357,Кима Ахмедьянова,22,Восточный-1,9
7694,358,Кирова,19,Центр,1
7695,358,Кирова,19,Центр,10
7696,358,Кирова,19,Центр,11
7697,358,Кирова,19,Центр,12
7698,358,Кирова,19,Центр,14
7699,358,Кирова,19,Центр,16
7700,358,Кирова,19,Центр,18
7701,358,Кирова,19,Центр,2
7702,358,Кирова,19,Центр,20
7703,358,Кирова,19,Центр,22
7704,358,Кирова,19,Центр,24
7705,358,Кирова,19,Центр,26
7706,358,Кирова,19,Центр,28
7707,358,Кирова,19,Центр,3
7708,358,Кирова,19,Центр,4
7709,358,Кирова,19,Центр,5
7710,358,Кирова,19,Центр,5а
7711,358,Кирова,19,Центр,6
7712,358,Кирова,19,Центр,7
7713,358,Кирова,19,Центр,8
7714,358,Кирова,19,Центр,9
7715,359,Колхозная,19,Центр,1
7716,359,Колхозная,19,Центр,10
7717,359,Колхозная,19,Центр,11
7718,359,Колхозная,19,Центр,12
7719,359,Колхозная,19,Центр,13
7720,359,Колхозная,19,Центр,14
7721,359,Колхозная,19,Центр,16
7722,359,Колхозная,19,Центр,17
7723,359,Колхозная,19,Центр,18
7724,359,Колхозная,19,Центр,19
7725,359,Колхозная,19,Центр,2
7726,359,Колхозная,19,Центр,20
7727,359,Колхозная,19,Центр,21
7728,359,Колхозная,19,Центр,22
7729,359,Колхозная,19,Центр,23
7730,359,Колхозная,19,Центр,25
7731,359,Колхозная,19,Центр,26
7732,359,Колхозная,19,Центр,27
7733,359,Колхозная,19,Центр,28
7734,359,Колхозная,19,Центр,29
7735,359,Колхозная,19,Центр,2а
7736,359,Колхозная,19,Центр,2б
7737,359,Колхозная,19,Центр,3
7738,359,Колхозная,19,Центр,30
7739,359,Колхозная,19,Центр,31
7740,359,Колхозная,19,Центр,32
7741,359,Колхозная,19,Центр,33
7742,359,Колхозная,19,Центр,34
7743,359,Колхозная,19,Центр,35
7744,359,Колхозная,19,Центр,36
7745,359,Колхозная,19,Центр,37
7746,359,Колхозная,19,Центр,38
7747,359,Колхозная,19,Центр,4
7748,359,Колхозная,19,Центр,40
7749,359,Колхозная,19,Центр,41
7750,359,Колхозная,19,Центр,42
7751,359,Колхозная,19,Центр,43
7752,359,Колхозная,19,Центр,44
7753,359,Колхозная,19,Центр,46
7754,359,Колхозная,19,Центр,48
7755,359,Колхозная,19,Центр,5
7756,359,Колхозная,19,Центр,50
7757,359,Колхозная,19,Центр,52
7758,359,Колхозная,19,Центр,54
7759,359,Колхозная,19,Центр,56
7760,359,Колхозная,19,Центр,58
7761,359,Колхозная,19,Центр,6
7762,359,Колхозная,19,Центр,60
7763,359,Колхозная,19,Центр,7
7764,359,Колхозная,19,Центр,8
7765,359,Колхозная,19,Центр,9
7766,360,Комарова,19,Центр,1
7767,360,Комарова,19,Центр,10
7768,360,Комарова,19,Центр,11
7769,360,Комарова,19,Центр,12
7770,360,Комарова,19,Центр,13
7771,360,Комарова,19,Центр,14
7772,360,Комарова,19,Центр,15
7773,360,Комарова,19,Центр,16
7774,360,Комарова,19,Центр,17
7775,360,Комарова,19,Центр,18
7776,360,Комарова,19,Центр,19
7777,360,Комарова,19,Центр,1к1
7778,360,Комарова,19,Центр,2
7779,360,Комарова,19,Центр,20
7780,360,Комарова,19,Центр,21
7781,360,Комарова,19,Центр,22
7782,360,Комарова,19,Центр,23
7783,360,Комарова,19,Центр,2к1
7784,360,Комарова,19,Центр,3
7785,360,Комарова,19,Центр,4
7786,360,Комарова,19,Центр,5
7787,360,Комарова,19,Центр,5к1
7788,360,Комарова,19,Центр,6
7789,360,Комарова,19,Центр,6а
7790,360,Комарова,19,Центр,6к1
7791,360,Комарова,19,Центр,7
7792,360,Комарова,19,Центр,7А
7793,360,Комарова,19,Центр,8
7794,360,Комарова,19,Центр,9
7795,361,Коммунистическая,19,Центр,1
7796,361,Коммунистическая,19,Центр,10
7797,361,Коммунистическая,19,Центр,11
7798,361,Коммунистическая,19,Центр,11/1
7799,361,Коммунистическая,19,Центр,16
7800,361,Коммунистическая,19,Центр,19
7801,361,Коммунистическая,19,Центр,1Б
7802,361,Коммунистическая,19,Центр,1а
7803,361,Коммунистическая,19,Центр,1к1
7804,361,Коммунистическая,19,Центр,1к2
7805,361,Коммунистическая,19,Центр,1к3
7806,361,Коммунистическая,19,Центр,1к4
7807,361,Коммунистическая,19,Центр,1к5
7808,361,Коммунистическая,19,Центр,1к6
7809,361,Коммунистическая,19,Центр,2
7810,361,Коммунистическая,19,Центр,2/4
7811,361,Коммунистическая,19,Центр,21
7812,361,Коммунистическая,19,Центр,21/2
7813,361,Коммунистическая,19,Центр,21/3
7814,361,Коммунистическая,19,Центр,21б
7815,361,Коммунистическая,19,Центр,21в
7816,361,Коммунистическая,19,Центр,21к4
7817,361,Коммунистическая,19,Центр,22
7818,361,Коммунистическая,19,Центр,22/1
7819,361,Коммунистическая,19,Центр,23
7820,361,Коммунистическая,19,Центр,24
7821,361,Коммунистическая,19,Центр,25
7822,361,Коммунистическая,19,Центр,25А
7823,361,Коммунистическая,19,Центр,26
7824,361,Коммунистическая,19,Центр,27
7825,361,Коммунистическая,19,Центр,28/1
7826,361,Коммунистическая,19,Центр,28/3
7827,361,Коммунистическая,19,Центр,29
7828,361,Коммунистическая,19,Центр,2а
7829,361,Коммунистическая,19,Центр,2б
7830,361,Коммунистическая,19,Центр,2к1
7831,361,Коммунистическая,19,Центр,2к2
7832,361,Коммунистическая,19,Центр,2к3
7833,361,Коммунистическая,19,Центр,2к5
7834,361,Коммунистическая,19,Центр,3
7835,361,Коммунистическая,19,Центр,30
7836,361,Коммунистическая,19,Центр,31
7837,361,Коммунистическая,19,Центр,32
7838,361,Коммунистическая,19,Центр,32/1
7839,361,Коммунистическая,19,Центр,33
7840,361,Коммунистическая,19,Центр,34
7841,361,Коммунистическая,19,Центр,35
7842,361,Коммунистическая,19,Центр,36
7843,361,Коммунистическая,19,Центр,37
7844,361,Коммунистическая,19,Центр,38
7845,361,Коммунистическая,19,Центр,38/1
7846,361,Коммунистическая,19,Центр,39
7847,361,Коммунистическая,19,Центр,41
7848,361,Коммунистическая,19,Центр,43
7849,361,Коммунистическая,19,Центр,45
7850,361,Коммунистическая,19,Центр,5
7851,361,Коммунистическая,19,Центр,7
7852,361,Коммунистическая,19,Центр,8
7853,361,Коммунистическая,19,Центр,8а
7854,361,Коммунистическая,19,Центр,9
7855,362,Комсомольская,19,Центр,1
7856,362,Комсомольская,19,Центр,10
7857,362,Комсомольская,19,Центр,12
7858,362,Комсомольская,19,Центр,14
7859,362,Комсомольская,19,Центр,15
7860,362,Комсомольская,19,Центр,16
7861,362,Комсомольская,19,Центр,17
7862,362,Комсомольская,19,Центр,18
7863,362,Комсомольская,19,Центр,19
7864,362,Комсомольская,19,Центр,2
7865,362,Комсомольская,19,Центр,20
7866,362,Комсомольская,19,Центр,21
7867,362,Комсомольская,19,Центр,22
7868,362,Комсомольская,19,Центр,24
7869,362,Комсомольская,19,Центр,26
7870,362,Комсомольская,19,Центр,28
7871,362,Комсомольская,19,Центр,3
7872,362,Комсомольская,19,Центр,30
7873,362,Комсомольская,19,Центр,32
7874,362,Комсомольская,19,Центр,34
7875,362,Комсомольская,19,Центр,4
7876,362,Комсомольская,19,Центр,4А
7877,362,Комсомольская,19,Центр,5
7878,362,Комсомольская,19,Центр,6
7879,362,Комсомольская,19,Центр,7
7880,362,Комсомольская,19,Центр,8
7881,362,Комсомольская,19,Центр,9
7882,363,Курьятмас,21,Восточный-2,1
7883,363,Курьятмас,21,Восточный-2,1/1
7884,363,Курьятмас,21,Восточный-2,10
7885,363,Курьятмас,21,Восточный-2,11
7886,363,Курьятмас,21,Восточный-2,12
7887,363,Курьятмас,21,Восточный-2,13
7888,363,Курьятмас,21,Восточный-2,14
7889,363,Курьятмас,21,Восточный-2,15
7890,363,Курьятмас,21,Восточный-2,16/1
7891,363,Курьятмас,21,Восточный-2,17
7892,363,Курьятмас,21,Восточный-2,18
7893,363,Курьятмас,21,Восточный-2,19
7894,363,Курьятмас,21,Восточный-2,2
7895,363,Курьятмас,21,Восточный-2,2/1
7896,363,Курьятмас,21,Восточный-2,21
7897,363,Курьятмас,21,Восточный-2,22
7898,363,Курьятмас,21,Восточный-2,23
7899,363,Курьятмас,21,Восточный-2,24
7900,363,Курьятмас,21,Восточный-2,25
7901,363,Курьятмас,21,Восточный-2,26
7902,363,Курьятмас,21,Восточный-2,31
7903,363,Курьятмас,21,Восточный-2,32
7904,363,Курьятмас,21,Восточный-2,33
7905,363,Курьятмас,21,Восточный-2,34
7906,363,Курьятмас,21,Восточный-2,34/1
7907,363,Курьятмас,21,Восточный-2,35
7908,363,Курьятмас,21,Восточный-2,37
7909,363,Курьятмас,21,Восточный-2,38
7910,363,Курьятмас,21,Восточный-2,39
7911,363,Курьятмас,21,Восточный-2,4
7912,363,Курьятмас,21,Восточный-2,41
7913,363,Курьятмас,21,Восточный-2,42/1
7914,363,Курьятмас,21,Восточный-2,43
7915,363,Курьятмас,21,Восточный-2,45
7916,363,Курьятмас,21,Восточный-2,49
7917,363,Курьятмас,21,Восточный-2,5
7918,363,Курьятмас,21,Восточный-2,51
7919,363,Курьятмас,21,Восточный-2,7
7920,363,Курьятмас,21,Восточный-2,9
7921,364,Ленина,19,Центр,1
7922,364,Ленина,19,Центр,10
7923,364,Ленина,19,Центр,100
7924,364,Ленина,19,Центр,101
7925,364,Ленина,19,Центр,105
7926,364,Ленина,19,Центр,107
7927,364,Ленина,19,Центр,109
7928,364,Ленина,19,Центр,11
7929,364,Ленина,19,Центр,111
7930,364,Ленина,19,Центр,113
7931,364,Ленина,19,Центр,115
7932,364,Ленина,19,Центр,119
7933,364,Ленина,19,Центр,12
7934,364,Ленина,19,Центр,121
7935,364,Ленина,19,Центр,123
7936,364,Ленина,19,Центр,125
7937,364,Ленина,19,Центр,127
7938,364,Ленина,19,Центр,127/1
7939,364,Ленина,19,Центр,13
7940,364,Ленина,19,Центр,131
7941,364,Ленина,19,Центр,133
7942,364,Ленина,19,Центр,135
7943,364,Ленина,19,Центр,137
7944,364,Ленина,19,Центр,139
7945,364,Ленина,19,Центр,14
7946,364,Ленина,19,Центр,141
7947,364,Ленина,19,Центр,143
7948,364,Ленина,19,Центр,145
7949,364,Ленина,19,Центр,147
7950,364,Ленина,19,Центр,149
7951,364,Ленина,19,Центр,14к1
7952,364,Ленина,19,Центр,15
7953,364,Ленина,19,Центр,151
7954,364,Ленина,19,Центр,155/1
7955,364,Ленина,19,Центр,155/2
7956,364,Ленина,19,Центр,157
7957,364,Ленина,19,Центр,16/1
7958,364,Ленина,19,Центр,17
7959,364,Ленина,19,Центр,18
7960,364,Ленина,19,Центр,19
7961,364,Ленина,19,Центр,2
7962,364,Ленина,19,Центр,2/1
7963,364,Ленина,19,Центр,22
7964,364,Ленина,19,Центр,23
7965,364,Ленина,19,Центр,24
7966,364,Ленина,19,Центр,25
7967,364,Ленина,19,Центр,26
7968,364,Ленина,19,Центр,27
7969,364,Ленина,19,Центр,28
7970,364,Ленина,19,Центр,29/1
7971,364,Ленина,19,Центр,2а
7972,364,Ленина,19,Центр,2б
7973,364,Ленина,19,Центр,2в
7974,364,Ленина,19,Центр,3
7975,364,Ленина,19,Центр,30
7976,364,Ленина,19,Центр,31
7977,364,Ленина,19,Центр,32
7978,364,Ленина,19,Центр,33
7979,364,Ленина,19,Центр,34
7980,364,Ленина,19,Центр,35
7981,364,Ленина,19,Центр,36
7982,364,Ленина,19,Центр,37
7983,364,Ленина,19,Центр,38
7984,364,Ленина,19,Центр,38/1
7985,364,Ленина,19,Центр,39
7986,364,Ленина,19,Центр,4
7987,364,Ленина,19,Центр,40
7988,364,Ленина,19,Центр,41
7989,364,Ленина,19,Центр,42
7990,364,Ленина,19,Центр,43
7991,364,Ленина,19,Центр,44
7992,364,Ленина,19,Центр,46
7993,364,Ленина,19,Центр,48
7994,364,Ленина,19,Центр,49
7995,364,Ленина,19,Центр,4а
7996,364,Ленина,19,Центр,5
7997,364,Ленина,19,Центр,50
7998,364,Ленина,19,Центр,51
7999,364,Ленина,19,Центр,51А
8000,364,Ленина,19,Центр,52
8001,364,Ленина,19,Центр,52к1
8002,364,Ленина,19,Центр,53
8003,364,Ленина,19,Центр,54
8004,364,Ленина,19,Центр,55
8005,364,Ленина,19,Центр,56
8006,364,Ленина,19,Центр,57
8007,364,Ленина,19,Центр,58
8008,364,Ленина,19,Центр,6
8009,364,Ленина,19,Центр,60
8010,364,Ленина,19,Центр,61
8011,364,Ленина,19,Центр,62
8012,364,Ленина,19,Центр,63
8013,364,Ленина,19,Центр,64
8014,364,Ленина,19,Центр,65
8015,364,Ленина,19,Центр,66
8016,364,Ленина,19,Центр,68
8017,364,Ленина,19,Центр,69
8018,364,Ленина,19,Центр,7
8019,364,Ленина,19,Центр,71
8020,364,Ленина,19,Центр,72
8021,364,Ленина,19,Центр,73
8022,364,Ленина,19,Центр,74
8023,364,Ленина,19,Центр,75
8024,364,Ленина,19,Центр,76
8025,364,Ленина,19,Центр,77
8026,364,Ленина,19,Центр,78
8027,364,Ленина,19,Центр,79
8028,364,Ленина,19,Центр,8
8029,364,Ленина,19,Центр,80
8030,364,Ленина,19,Центр,81
8031,364,Ленина,19,Центр,85
8032,364,Ленина,19,Центр,87
8033,364,Ленина,19,Центр,89
8034,364,Ленина,19,Центр,9
8035,364,Ленина,19,Центр,91
8036,364,Ленина,19,Центр,95
8037,364,Ленина,19,Центр,97
8038,364,Ленина,19,Центр,99
8039,365,Лесная,20,Южный,1
8040,365,Лесная,20,Южный,11
8041,365,Лесная,20,Южный,13
8042,365,Лесная,20,Южный,14
8043,365,Лесная,20,Южный,15
8044,365,Лесная,20,Южный,16
8045,365,Лесная,20,Южный,18
8046,365,Лесная,20,Южный,2
8047,365,Лесная,20,Южный,20
8048,365,Лесная,20,Южный,22
8049,365,Лесная,20,Южный,24
8050,365,Лесная,20,Южный,26
8051,365,Лесная,20,Южный,3
8052,365,Лесная,20,Южный,4
8053,365,Лесная,20,Южный,5
8054,365,Лесная,20,Южный,6
8055,365,Лесная,20,Южный,7
8056,365,Лесная,20,Южный,8
8057,365,Лесная,20,Южный,9
8058,366,Луговая,21,Восточный-2,1
8059,366,Луговая,21,Восточный-2,10
8060,366,Луговая,21,Восточный-2,12
8061,366,Луговая,21,Восточный-2,14
8062,366,Луговая,21,Восточный-2,14/1
8063,366,Луговая,21,Восточный-2,18
8064,366,Луговая,21,Восточный-2,2
8065,366,Луговая,21,Восточный-2,2/1
8066,366,Луговая,21,Восточный-2,2/2
8067,366,Луговая,21,Восточный-2,2/3
8068,366,Луговая,21,Восточный-2,20
8069,366,Луговая,21,Восточный-2,21
8070,366,Луговая,21,Восточный-2,25
8071,366,Луговая,21,Восточный-2,25/1
8072,366,Луговая,21,Восточный-2,26
8073,366,Луговая,21,Восточный-2,27
8074,366,Луговая,21,Восточный-2,29
8075,366,Луговая,21,Восточный-2,2а
8076,366,Луговая,21,Восточный-2,3
8077,366,Луговая,21,Восточный-2,3/1
8078,366,Луговая,21,Восточный-2,31
8079,366,Луговая,21,Восточный-2,34
8080,366,Луговая,21,Восточный-2,35
8081,366,Луговая,21,Восточный-2,4
8082,366,Луговая,21,Восточный-2,4/2
8083,366,Луговая,21,Восточный-2,41
8084,366,Луговая,21,Восточный-2,46
8085,366,Луговая,21,Восточный-2,49
8086,366,Луговая,21,Восточный-2,49а
8087,366,Луговая,21,Восточный-2,5
8088,366,Луговая,21,Восточный-2,50
8089,366,Луговая,21,Восточный-2,52
8090,366,Луговая,21,Восточный-2,53
8091,366,Луговая,21,Восточный-2,54/2
8092,366,Луговая,21,Восточный-2,55
8093,366,Луговая,21,Восточный-2,57
8094,366,Луговая,21,Восточный-2,59
8095,366,Луговая,21,Восточный-2,6
8096,366,Луговая,21,Восточный-2,66
8097,366,Луговая,21,Восточный-2,68
8098,366,Луговая,21,Восточный-2,7
8099,367,Магнитогорская,22,Восточный-1,1
8100,367,Магнитогорская,22,Восточный-1,10
8101,367,Магнитогорская,22,Восточный-1,13
8102,367,Магнитогорская,22,Восточный-1,14
8103,367,Магнитогорская,22,Восточный-1,15
8104,367,Магнитогорская,22,Восточный-1,16
8105,367,Магнитогорская,22,Восточный-1,17
8106,367,Магнитогорская,22,Восточный-1,18
8107,367,Магнитогорская,22,Восточный-1,20
8108,367,Магнитогорская,22,Восточный-1,22
8109,367,Магнитогорская,22,Восточный-1,24
8110,367,Магнитогорская,22,Восточный-1,26
8111,367,Магнитогорская,22,Восточный-1,28
8112,367,Магнитогорская,22,Восточный-1,3
8113,367,Магнитогорская,22,Восточный-1,30
8114,367,Магнитогорская,22,Восточный-1,30/1
8115,367,Магнитогорская,22,Восточный-1,4
8116,367,Магнитогорская,22,Восточный-1,6
8117,367,Магнитогорская,22,Восточный-1,7
8118,367,Магнитогорская,22,Восточный-1,8
8119,367,Магнитогорская,22,Восточный-1,9
8120,368,Мажита Гафури,20,Южный,1
8121,368,Мажита Гафури,20,Южный,1/1
8122,368,Мажита Гафури,20,Южный,10
8123,368,Мажита Гафури,20,Южный,13
8124,368,Мажита Гафури,20,Южный,14
8125,368,Мажита Гафури,20,Южный,15
8126,368,Мажита Гафури,20,Южный,16
8127,368,Мажита Гафури,20,Южный,17
8128,368,Мажита Гафури,20,Южный,18
8129,368,Мажита Гафури,20,Южный,19
8130,368,Мажита Гафури,20,Южный,2
8131,368,Мажита Гафури,20,Южный,20
8132,368,Мажита Гафури,20,Южный,21
8133,368,Мажита Гафури,20,Южный,22
8134,368,Мажита Гафури,20,Южный,23
8135,368,Мажита Гафури,20,Южный,25
8136,368,Мажита Гафури,20,Южный,27
8137,368,Мажита Гафури,20,Южный,4
8138,369,Малика Якшимбетова,22,Восточный-1,10
8139,369,Малика Якшимбетова,22,Восточный-1,12
8140,369,Малика Якшимбетова,22,Восточный-1,13
8141,369,Малика Якшимбетова,22,Восточный-1,14
8142,369,Малика Якшимбетова,22,Восточный-1,15
8143,369,Малика Якшимбетова,22,Восточный-1,17
8144,369,Малика Якшимбетова,22,Восточный-1,19
8145,369,Малика Якшимбетова,22,Восточный-1,2
8146,369,Малика Якшимбетова,22,Восточный-1,2/1
8147,369,Малика Якшимбетова,22,Восточный-1,20
8148,369,Малика Якшимбетова,22,Восточный-1,21
8149,369,Малика Якшимбетова,22,Восточный-1,22
8150,369,Малика Якшимбетова,22,Восточный-1,23
8151,369,Малика Якшимбетова,22,Восточный-1,24
8152,369,Малика Якшимбетова,22,Восточный-1,26
8153,369,Малика Якшимбетова,22,Восточный-1,27
8154,369,Малика Якшимбетова,22,Восточный-1,28
8155,369,Малика Якшимбетова,22,Восточный-1,30
8156,369,Малика Якшимбетова,22,Восточный-1,34
8157,369,Малика Якшимбетова,22,Восточный-1,4
8158,369,Малика Якшимбетова,22,Восточный-1,40
8159,369,Малика Якшимбетова,22,Восточный-1,41
8160,369,Малика Якшимбетова,22,Восточный-1,6
8161,369,Малика Якшимбетова,22,Восточный-1,8
8162,370,Матросова,19,Центр,1
8163,370,Матросова,19,Центр,10/1
8164,370,Матросова,19,Центр,10/2
8165,370,Матросова,19,Центр,11
8166,370,Матросова,19,Центр,12
8167,370,Матросова,19,Центр,14
8168,370,Матросова,19,Центр,14/1
8169,370,Матросова,19,Центр,16
8170,370,Матросова,19,Центр,18
8171,370,Матросова,19,Центр,2
8172,370,Матросова,19,Центр,20
8173,370,Матросова,19,Центр,3
8174,370,Матросова,19,Центр,3а
8175,370,Матросова,19,Центр,4
8176,370,Матросова,19,Центр,5
8177,370,Матросова,19,Центр,5а
8178,370,Матросова,19,Центр,6
8179,370,Матросова,19,Центр,7
8180,370,Матросова,19,Центр,7/1
8181,370,Матросова,19,Центр,8
8182,370,Матросова,19,Центр,9Б
8183,370,Матросова,19,Центр,9а
8184,371,Мелиораторов,20,Южный,1
8185,371,Мелиораторов,20,Южный,10
8186,371,Мелиораторов,20,Южный,11
8187,371,Мелиораторов,20,Южный,12
8188,371,Мелиораторов,20,Южный,13
8189,371,Мелиораторов,20,Южный,14
8190,371,Мелиораторов,20,Южный,15
8191,371,Мелиораторов,20,Южный,16
8192,371,Мелиораторов,20,Южный,17
8193,371,Мелиораторов,20,Южный,19
8194,371,Мелиораторов,20,Южный,2
8195,371,Мелиораторов,20,Южный,20
8196,371,Мелиораторов,20,Южный,21
8197,371,Мелиораторов,20,Южный,22
8198,371,Мелиораторов,20,Южный,23
8199,371,Мелиораторов,20,Южный,24
8200,371,Мелиораторов,20,Южный,26
8201,371,Мелиораторов,20,Южный,3
8202,371,Мелиораторов,20,Южный,4
8203,371,Мелиораторов,20,Южный,5
8204,371,Мелиораторов,20,Южный,6
8205,371,Мелиораторов,20,Южный,6к1
8206,371,Мелиораторов,20,Южный,7
8207,371,Мелиораторов,20,Южный,7а
8208,371,Мелиораторов,20,Южный,8
8209,371,Мелиораторов,20,Южный,8к1
8210,371,Мелиораторов,20,Южный,9
8211,372,Механизаторов,20,Южный,1
8212,372,Механизаторов,20,Южный,10
8213,372,Механизаторов,20,Южный,11
8214,372,Механизаторов,20,Южный,12
8215,372,Механизаторов,20,Южный,13
8216,372,Механизаторов,20,Южный,14
8217,372,Механизаторов,20,Южный,15
8218,372,Механизаторов,20,Южный,16
8219,372,Механизаторов,20,Южный,17
8220,372,Механизаторов,20,Южный,18
8221,372,Механизаторов,20,Южный,19
8222,372,Механизаторов,20,Южный,2
8223,372,Механизаторов,20,Южный,20
8224,372,Механизаторов,20,Южный,22
8225,372,Механизаторов,20,Южный,3
8226,372,Механизаторов,20,Южный,4
8227,372,Механизаторов,20,Южный,5
8228,372,Механизаторов,20,Южный,6
8229,372,Механизаторов,20,Южный,7
8230,372,Механизаторов,20,Южный,8
8231,372,Механизаторов,20,Южный,9
8232,373,Миллята Хакимова,22,Восточный-1,1
8233,373,Миллята Хакимова,22,Восточный-1,10
8234,373,Миллята Хакимова,22,Восточный-1,11
8235,373,Миллята Хакимова,22,Восточный-1,12
8236,373,Миллята Хакимова,22,Восточный-1,13
8237,373,Миллята Хакимова,22,Восточный-1,14
8238,373,Миллята Хакимова,22,Восточный-1,15
8239,373,Миллята Хакимова,22,Восточный-1,16
8240,373,Миллята Хакимова,22,Восточный-1,17
8241,373,Миллята Хакимова,22,Восточный-1,18
8242,373,Миллята Хакимова,22,Восточный-1,19
8243,373,Миллята Хакимова,22,Восточный-1,2
8244,373,Миллята Хакимова,22,Восточный-1,2/1
8245,373,Миллята Хакимова,22,Восточный-1,20
8246,373,Миллята Хакимова,22,Восточный-1,21
8247,373,Миллята Хакимова,22,Восточный-1,22
8248,373,Миллята Хакимова,22,Восточный-1,23
8249,373,Миллята Хакимова,22,Восточный-1,25
8250,373,Миллята Хакимова,22,Восточный-1,27
8251,373,Миллята Хакимова,22,Восточный-1,3
8252,373,Миллята Хакимова,22,Восточный-1,31
8253,373,Миллята Хакимова,22,Восточный-1,35
8254,373,Миллята Хакимова,22,Восточный-1,39
8255,373,Миллята Хакимова,22,Восточный-1,4
8256,373,Миллята Хакимова,22,Восточный-1,47
8257,373,Миллята Хакимова,22,Восточный-1,49
8258,373,Миллята Хакимова,22,Восточный-1,5
8259,373,Миллята Хакимова,22,Восточный-1,51
8260,373,Миллята Хакимова,22,Восточный-1,55
8261,373,Миллята Хакимова,22,Восточный-1,57
8262,373,Миллята Хакимова,22,Восточный-1,6
8263,373,Миллята Хакимова,22,Восточный-1,7
8264,373,Миллята Хакимова,22,Восточный-1,8
8265,373,Миллята Хакимова,22,Восточный-1,9
8266,374,Минислама Мирсаяпова,21,Восточный-2,1
8267,374,Минислама Мирсаяпова,21,Восточный-2,1/2
8268,374,Минислама Мирсаяпова,21,Восточный-2,1/3
8269,374,Минислама Мирсаяпова,21,Восточный-2,1/5
8270,374,Минислама Мирсаяпова,21,Восточный-2,11
8271,374,Минислама Мирсаяпова,21,Восточный-2,13
8272,374,Минислама Мирсаяпова,21,Восточный-2,14
8273,374,Минислама Мирсаяпова,21,Восточный-2,15
8274,374,Минислама Мирсаяпова,21,Восточный-2,17
8275,374,Минислама Мирсаяпова,21,Восточный-2,18
8276,374,Минислама Мирсаяпова,21,Восточный-2,2/3
8277,374,Минислама Мирсаяпова,21,Восточный-2,2/7
8278,374,Минислама Мирсаяпова,21,Восточный-2,20
8279,374,Минислама Мирсаяпова,21,Восточный-2,22
8280,374,Минислама Мирсаяпова,21,Восточный-2,24
8281,374,Минислама Мирсаяпова,21,Восточный-2,25
8282,374,Минислама Мирсаяпова,21,Восточный-2,28
8283,374,Минислама Мирсаяпова,21,Восточный-2,29
8284,374,Минислама Мирсаяпова,21,Восточный-2,30
8285,374,Минислама Мирсаяпова,21,Восточный-2,31
8286,374,Минислама Мирсаяпова,21,Восточный-2,31а
8287,374,Минислама Мирсаяпова,21,Восточный-2,33
8288,374,Минислама Мирсаяпова,21,Восточный-2,34
8289,374,Минислама Мирсаяпова,21,Восточный-2,42
8290,374,Минислама Мирсаяпова,21,Восточный-2,43
8291,374,Минислама Мирсаяпова,21,Восточный-2,47
8292,374,Минислама Мирсаяпова,21,Восточный-2,48
8293,374,Минислама Мирсаяпова,21,Восточный-2,5
8294,374,Минислама Мирсаяпова,21,Восточный-2,50
8295,374,Минислама Мирсаяпова,21,Восточный-2,507к4
8296,374,Минислама Мирсаяпова,21,Восточный-2,52
8297,374,Минислама Мирсаяпова,21,Восточный-2,54
8298,374,Минислама Мирсаяпова,21,Восточный-2,56
8299,374,Минислама Мирсаяпова,21,Восточный-2,58
8300,374,Минислама Мирсаяпова,21,Восточный-2,59
8301,374,Минислама Мирсаяпова,21,Восточный-2,6
8302,374,Минислама Мирсаяпова,21,Восточный-2,60
8303,374,Минислама Мирсаяпова,21,Восточный-2,61
8304,374,Минислама Мирсаяпова,21,Восточный-2,62
8305,374,Минислама Мирсаяпова,21,Восточный-2,63
8306,374,Минислама Мирсаяпова,21,Восточный-2,64
8307,374,Минислама Мирсаяпова,21,Восточный-2,65
8308,374,Минислама Мирсаяпова,21,Восточный-2,69
8309,374,Минислама Мирсаяпова,21,Восточный-2,70
8310,374,Минислама Мирсаяпова,21,Восточный-2,71
8311,374,Минислама Мирсаяпова,21,Восточный-2,73
8312,374,Минислама Мирсаяпова,21,Восточный-2,74
8313,374,Минислама Мирсаяпова,21,Восточный-2,75
8314,374,Минислама Мирсаяпова,21,Восточный-2,77
8315,374,Минислама Мирсаяпова,21,Восточный-2,79
8316,374,Минислама Мирсаяпова,21,Восточный-2,8
8317,374,Минислама Мирсаяпова,21,Восточный-2,80
8318,374,Минислама Мирсаяпова,21,Восточный-2,82
8319,374,Минислама Мирсаяпова,21,Восточный-2,83
8320,374,Минислама Мирсаяпова,21,Восточный-2,84
8321,374,Минислама Мирсаяпова,21,Восточный-2,85
8322,374,Минислама Мирсаяпова,21,Восточный-2,87
8323,374,Минислама Мирсаяпова,21,Восточный-2,88
8324,374,Минислама Мирсаяпова,21,Восточный-2,89
8325,374,Минислама Мирсаяпова,21,Восточный-2,94
8326,374,Минислама Мирсаяпова,21,Восточный-2,95
8327,375,Мира,19,Центр,1
8328,375,Мира,19,Центр,10/1
8329,375,Мира,19,Центр,10/2
8330,375,Мира,19,Центр,11
8331,375,Мира,19,Центр,11а
8332,375,Мира,19,Центр,12/2
8333,375,Мира,19,Центр,13
8334,375,Мира,19,Центр,14
8335,375,Мира,19,Центр,15
8336,375,Мира,19,Центр,15/1
8337,375,Мира,19,Центр,16
8338,375,Мира,19,Центр,17
8339,375,Мира,19,Центр,18
8340,375,Мира,19,Центр,19
8341,375,Мира,19,Центр,1а
8342,375,Мира,19,Центр,20
8343,375,Мира,19,Центр,22
8344,375,Мира,19,Центр,23
8345,375,Мира,19,Центр,25
8346,375,Мира,19,Центр,27
8347,375,Мира,19,Центр,27/1
8348,375,Мира,19,Центр,27/2
8349,375,Мира,19,Центр,29
8350,375,Мира,19,Центр,29/1
8351,375,Мира,19,Центр,2а
8352,375,Мира,19,Центр,3
8353,375,Мира,19,Центр,3/1
8354,375,Мира,19,Центр,31
8355,375,Мира,19,Центр,31/1
8356,375,Мира,19,Центр,33
8357,375,Мира,19,Центр,35
8358,375,Мира,19,Центр,37
8359,375,Мира,19,Центр,39
8360,375,Мира,19,Центр,4/1
8361,375,Мира,19,Центр,41
8362,375,Мира,19,Центр,43
8363,375,Мира,19,Центр,45
8364,375,Мира,19,Центр,5
8365,375,Мира,19,Центр,6/1
8366,375,Мира,19,Центр,6/2
8367,375,Мира,19,Центр,7
8368,375,Мира,19,Центр,8
8369,375,Мира,19,Центр,9
8370,376,Молодежная,19,Центр,1
8371,376,Молодежная,19,Центр,10
8372,376,Молодежная,19,Центр,10/1
8373,376,Молодежная,19,Центр,10а
8374,376,Молодежная,19,Центр,10б
8375,376,Молодежная,19,Центр,11
8376,376,Молодежная,19,Центр,12
8377,376,Молодежная,19,Центр,12а
8378,376,Молодежная,19,Центр,13
8379,376,Молодежная,19,Центр,13/3
8380,376,Молодежная,19,Центр,14
8381,376,Молодежная,19,Центр,15
8382,376,Молодежная,19,Центр,16
8383,376,Молодежная,19,Центр,17
8384,376,Молодежная,19,Центр,18
8385,376,Молодежная,19,Центр,19
8386,376,Молодежная,19,Центр,2
8387,376,Молодежная,19,Центр,20
8388,376,Молодежная,19,Центр,20б
8389,376,Молодежная,19,Центр,21
8390,376,Молодежная,19,Центр,22
8391,376,Молодежная,19,Центр,23
8392,376,Молодежная,19,Центр,24
8393,376,Молодежная,19,Центр,24а
8394,376,Молодежная,19,Центр,25
8395,376,Молодежная,19,Центр,25а
8396,376,Молодежная,19,Центр,25к1
8397,376,Молодежная,19,Центр,26
8398,376,Молодежная,19,Центр,27
8399,376,Молодежная,19,Центр,28
8400,376,Молодежная,19,Центр,28к3
8401,376,Молодежная,19,Центр,29
8402,376,Молодежная,19,Центр,3
8403,376,Молодежная,19,Центр,30
8404,376,Молодежная,19,Центр,30/1
8405,376,Молодежная,19,Центр,31
8406,376,Молодежная,19,Центр,32
8407,376,Молодежная,19,Центр,33
8408,376,Молодежная,19,Центр,35
8409,376,Молодежная,19,Центр,36
8410,376,Молодежная,19,Центр,36/2
8411,376,Молодежная,19,Центр,36/3
8412,376,Молодежная,19,Центр,37
8413,376,Молодежная,19,Центр,38
8414,376,Молодежная,19,Центр,39
8415,376,Молодежная,19,Центр,39А
8416,376,Молодежная,19,Центр,4
8417,376,Молодежная,19,Центр,41
8418,376,Молодежная,19,Центр,41а
8419,376,Молодежная,19,Центр,43
8420,376,Молодежная,19,Центр,44
8421,376,Молодежная,19,Центр,45
8422,376,Молодежная,19,Центр,47
8423,376,Молодежная,19,Центр,49
8424,376,Молодежная,19,Центр,5
8425,376,Молодежная,19,Центр,51
8426,376,Молодежная,19,Центр,53
8427,376,Молодежная,19,Центр,55
8428,376,Молодежная,19,Центр,57
8429,376,Молодежная,19,Центр,57а
8430,376,Молодежная,19,Центр,59
8431,376,Молодежная,19,Центр,6
8432,376,Молодежная,19,Центр,7
8433,376,Молодежная,19,Центр,7а
8434,376,Молодежная,19,Центр,8
8435,376,Молодежная,19,Центр,9
8436,377,Мугалляма Мирхайдарова,19,Центр,1
8437,377,Мугалляма Мирхайдарова,19,Центр,10
8438,377,Мугалляма Мирхайдарова,19,Центр,11
8439,377,Мугалляма Мирхайдарова,19,Центр,12
8440,377,Мугалляма Мирхайдарова,19,Центр,14
8441,377,Мугалляма Мирхайдарова,19,Центр,16
8442,377,Мугалляма Мирхайдарова,19,Центр,2
8443,377,Мугалляма Мирхайдарова,19,Центр,4
8444,377,Мугалляма Мирхайдарова,19,Центр,5
8445,377,Мугалляма Мирхайдарова,19,Центр,6
8446,377,Мугалляма Мирхайдарова,19,Центр,7
8447,377,Мугалляма Мирхайдарова,19,Центр,8
8448,377,Мугалляма Мирхайдарова,19,Центр,9
8449,378,Мурзахана Шамсутдинова,21,Восточный-2,34
8450,378,Мурзахана Шамсутдинова,21,Восточный-2,48
8451,378,Мурзахана Шамсутдинова,21,Восточный-2,50
8452,378,Мурзахана Шамсутдинова,21,Восточный-2,56
8453,378,Мурзахана Шамсутдинова,21,Восточный-2,58
8454,378,Мурзахана Шамсутдинова,21,Восточный-2,61
8455,378,Мурзахана Шамсутдинова,21,Восточный-2,65
8456,378,Мурзахана Шамсутдинова,21,Восточный-2,67
8457,379,Мустая Карима,22,Восточный-1,1
8458,379,Мустая Карима,22,Восточный-1,10
8459,379,Мустая Карима,22,Восточный-1,11
8460,379,Мустая Карима,22,Восточный-1,12
8461,379,Мустая Карима,22,Восточный-1,13
8462,379,Мустая Карима,22,Восточный-1,14
8463,379,Мустая Карима,22,Восточный-1,15
8464,379,Мустая Карима,22,Восточный-1,16
8465,379,Мустая Карима,22,Восточный-1,17
8466,379,Мустая Карима,22,Восточный-1,18
8467,379,Мустая Карима,22,Восточный-1,19
8468,379,Мустая Карима,22,Восточный-1,2
8469,379,Мустая Карима,22,Восточный-1,20
8470,379,Мустая Карима,22,Восточный-1,21
8471,379,Мустая Карима,22,Восточный-1,22
8472,379,Мустая Карима,22,Восточный-1,23
8473,379,Мустая Карима,22,Восточный-1,24
8474,379,Мустая Карима,22,Восточный-1,25
8475,379,Мустая Карима,22,Восточный-1,26
8476,379,Мустая Карима,22,Восточный-1,27
8477,379,Мустая Карима,22,Восточный-1,28
8478,379,Мустая Карима,22,Восточный-1,29
8479,379,Мустая Карима,22,Восточный-1,3
8480,379,Мустая Карима,22,Восточный-1,30
8481,379,Мустая Карима,22,Восточный-1,31
8482,379,Мустая Карима,22,Восточный-1,32
8483,379,Мустая Карима,22,Восточный-1,33
8484,379,Мустая Карима,22,Восточный-1,34
8485,379,Мустая Карима,22,Восточный-1,35
8486,379,Мустая Карима,22,Восточный-1,36
8487,379,Мустая Карима,22,Восточный-1,37
8488,379,Мустая Карима,22,Восточный-1,38
8489,379,Мустая Карима,22,Восточный-1,39
8490,379,Мустая Карима,22,Восточный-1,4
8491,379,Мустая Карима,22,Восточный-1,40
8492,379,Мустая Карима,22,Восточный-1,41
8493,379,Мустая Карима,22,Восточный-1,42
8494,379,Мустая Карима,22,Восточный-1,43
8495,379,Мустая Карима,22,Восточный-1,45
8496,379,Мустая Карима,22,Восточный-1,46
8497,379,Мустая Карима,22,Восточный-1,48
8498,379,Мустая Карима,22,Восточный-1,49
8499,379,Мустая Карима,22,Восточный-1,5
8500,379,Мустая Карима,22,Восточный-1,50
8501,379,Мустая Карима,22,Восточный-1,51
8502,379,Мустая Карима,22,Восточный-1,53
8503,379,Мустая Карима,22,Восточный-1,54
8504,379,Мустая Карима,22,Восточный-1,55
8505,379,Мустая Карима,22,Восточный-1,57
8506,379,Мустая Карима,22,Восточный-1,59
8507,379,Мустая Карима,22,Восточный-1,6
8508,379,Мустая Карима,22,Восточный-1,60
8509,379,Мустая Карима,22,Восточный-1,61
8510,379,Мустая Карима,22,Восточный-1,62
8511,379,Мустая Карима,22,Восточный-1,63
8512,379,Мустая Карима,22,Восточный-1,65
8513,379,Мустая Карима,22,Восточный-1,67
8514,379,Мустая Карима,22,Восточный-1,67/1
8515,379,Мустая Карима,22,Восточный-1,7
8516,379,Мустая Карима,22,Восточный-1,8
8517,379,Мустая Карима,22,Восточный-1,9
8518,380,Мусы Гареева,24,Даутово,1
8519,380,Мусы Гареева,24,Даутово,10
8520,380,Мусы Гареева,24,Даутово,11
8521,380,Мусы Гареева,24,Даутово,12
8522,380,Мусы Гареева,24,Даутово,13
8523,380,Мусы Гареева,24,Даутово,2
8524,380,Мусы Гареева,24,Даутово,3
8525,380,Мусы Гареева,24,Даутово,4
8526,380,Мусы Гареева,24,Даутово,5
8527,380,Мусы Гареева,24,Даутово,6
8528,380,Мусы Гареева,24,Даутово,7
8529,380,Мусы Гареева,24,Даутово,8
8530,380,Мусы Гареева,24,Даутово,9
8531,381,Партизанская,19,Центр,1
8532,381,Партизанская,19,Центр,11
8533,381,Партизанская,19,Центр,12
8534,381,Партизанская,19,Центр,13
8535,381,Партизанская,19,Центр,14
8536,381,Партизанская,19,Центр,14а
8537,381,Партизанская,19,Центр,15
8538,381,Партизанская,19,Центр,16
8539,381,Партизанская,19,Центр,17
8540,381,Партизанская,19,Центр,18
8541,381,Партизанская,19,Центр,19
8542,381,Партизанская,19,Центр,20
8543,381,Партизанская,19,Центр,21
8544,381,Партизанская,19,Центр,23
8545,381,Партизанская,19,Центр,24
8546,381,Партизанская,19,Центр,24/2
8547,381,Партизанская,19,Центр,25
8548,381,Партизанская,19,Центр,26
8549,381,Партизанская,19,Центр,27
8550,381,Партизанская,19,Центр,28
8551,381,Партизанская,19,Центр,29
8552,381,Партизанская,19,Центр,3
8553,381,Партизанская,19,Центр,30
8554,381,Партизанская,19,Центр,31
8555,381,Партизанская,19,Центр,32
8556,381,Партизанская,19,Центр,33
8557,381,Партизанская,19,Центр,34
8558,381,Партизанская,19,Центр,35
8559,381,Партизанская,19,Центр,36
8560,381,Партизанская,19,Центр,37
8561,381,Партизанская,19,Центр,38
8562,381,Партизанская,19,Центр,39
8563,381,Партизанская,19,Центр,4
8564,381,Партизанская,19,Центр,40
8565,381,Партизанская,19,Центр,41
8566,381,Партизанская,19,Центр,42
8567,381,Партизанская,19,Центр,43
8568,381,Партизанская,19,Центр,44
8569,381,Партизанская,19,Центр,45
8570,381,Партизанская,19,Центр,46
8571,381,Партизанская,19,Центр,47
8572,381,Партизанская,19,Центр,48
8573,381,Партизанская,19,Центр,49
8574,381,Партизанская,19,Центр,5
8575,381,Партизанская,19,Центр,50
8576,381,Партизанская,19,Центр,51
8577,381,Партизанская,19,Центр,52
8578,381,Партизанская,19,Центр,53
8579,381,Партизанская,19,Центр,54
8580,381,Партизанская,19,Центр,55
8581,381,Партизанская,19,Центр,56
8582,381,Партизанская,19,Центр,57
8583,381,Партизанская,19,Центр,57а
8584,381,Партизанская,19,Центр,58
8585,381,Партизанская,19,Центр,59Б
8586,381,Партизанская,19,Центр,6
8587,381,Партизанская,19,Центр,60
8588,381,Партизанская,19,Центр,61
8589,381,Партизанская,19,Центр,62
8590,381,Партизанская,19,Центр,63
8591,381,Партизанская,19,Центр,64
8592,381,Партизанская,19,Центр,65
8593,381,Партизанская,19,Центр,6А
8594,381,Партизанская,19,Центр,7
8595,381,Партизанская,19,Центр,8
8596,381,Партизанская,19,Центр,9
8597,382,Первомайская,19,Центр,1
8598,382,Первомайская,19,Центр,10
8599,382,Первомайская,19,Центр,2
8600,382,Первомайская,19,Центр,3
8601,382,Первомайская,19,Центр,4
8602,382,Первомайская,19,Центр,5
8603,382,Первомайская,19,Центр,6
8604,382,Первомайская,19,Центр,7
8605,382,Первомайская,19,Центр,8
8606,383,Пионерская,20,Южный,1
8607,383,Пионерская,20,Южный,11
8608,383,Пионерская,20,Южный,13
8609,383,Пионерская,20,Южный,15
8610,383,Пионерская,20,Южный,17
8611,383,Пионерская,20,Южный,18/1
8612,383,Пионерская,20,Южный,18/2
8613,383,Пионерская,20,Южный,19
8614,383,Пионерская,20,Южный,2
8615,383,Пионерская,20,Южный,2/1
8616,383,Пионерская,20,Южный,2/3
8617,383,Пионерская,20,Южный,20
8618,383,Пионерская,20,Южный,21
8619,383,Пионерская,20,Южный,23
8620,383,Пионерская,20,Южный,25
8621,383,Пионерская,20,Южный,27
8622,383,Пионерская,20,Южный,29
8623,383,Пионерская,20,Южный,2А
8624,383,Пионерская,20,Южный,3
8625,383,Пионерская,20,Южный,31
8626,383,Пионерская,20,Южный,33
8627,383,Пионерская,20,Южный,4/1
8628,383,Пионерская,20,Южный,5
8629,383,Пионерская,20,Южный,7
8630,383,Пионерская,20,Южный,9
8631,384,Пятая,21,Восточный-2,1
8632,384,Пятая,21,Восточный-2,1/3
8633,384,Пятая,21,Восточный-2,1/7
8634,384,Пятая,21,Восточный-2,1/9
8635,384,Пятая,21,Восточный-2,10
8636,384,Пятая,21,Восточный-2,14
8637,384,Пятая,21,Восточный-2,15
8638,384,Пятая,21,Восточный-2,16
8639,384,Пятая,21,Восточный-2,17
8640,384,Пятая,21,Восточный-2,19
8641,384,Пятая,21,Восточный-2,21
8642,384,Пятая,21,Восточный-2,22
8643,384,Пятая,21,Восточный-2,23
8644,384,Пятая,21,Восточный-2,24
8645,384,Пятая,21,Восточный-2,26
8646,384,Пятая,21,Восточный-2,29
8647,384,Пятая,21,Восточный-2,3
8648,384,Пятая,21,Восточный-2,34
8649,384,Пятая,21,Восточный-2,35
8650,384,Пятая,21,Восточный-2,36
8651,384,Пятая,21,Восточный-2,37
8652,384,Пятая,21,Восточный-2,38
8653,384,Пятая,21,Восточный-2,39
8654,384,Пятая,21,Восточный-2,4
8655,384,Пятая,21,Восточный-2,43
8656,384,Пятая,21,Восточный-2,45
8657,384,Пятая,21,Восточный-2,47
8658,384,Пятая,21,Восточный-2,5
8659,384,Пятая,21,Восточный-2,51
8660,384,Пятая,21,Восточный-2,6
8661,384,Пятая,21,Восточный-2,7
8662,384,Пятая,21,Восточный-2,9
8663,385,Раиса Усманова,21,Восточный-2,1/1
8664,385,Раиса Усманова,21,Восточный-2,1/10
8665,385,Раиса Усманова,21,Восточный-2,1/2
8666,385,Раиса Усманова,21,Восточный-2,1/3
8667,385,Раиса Усманова,21,Восточный-2,1/6
8668,385,Раиса Усманова,21,Восточный-2,1/7
8669,385,Раиса Усманова,21,Восточный-2,1/9
8670,385,Раиса Усманова,21,Восточный-2,10
8671,385,Раиса Усманова,21,Восточный-2,12
8672,385,Раиса Усманова,21,Восточный-2,13
8673,385,Раиса Усманова,21,Восточный-2,14
8674,385,Раиса Усманова,21,Восточный-2,15/2
8675,385,Раиса Усманова,21,Восточный-2,16
8676,385,Раиса Усманова,21,Восточный-2,16/1
8677,385,Раиса Усманова,21,Восточный-2,16/3
8678,385,Раиса Усманова,21,Восточный-2,17
8679,385,Раиса Усманова,21,Восточный-2,17/1
8680,385,Раиса Усманова,21,Восточный-2,17/2
8681,385,Раиса Усманова,21,Восточный-2,18
8682,385,Раиса Усманова,21,Восточный-2,18/2
8683,385,Раиса Усманова,21,Восточный-2,19
8684,385,Раиса Усманова,21,Восточный-2,2
8685,385,Раиса Усманова,21,Восточный-2,2/1
8686,385,Раиса Усманова,21,Восточный-2,2/10
8687,385,Раиса Усманова,21,Восточный-2,2/6
8688,385,Раиса Усманова,21,Восточный-2,20
8689,385,Раиса Усманова,21,Восточный-2,22
8690,385,Раиса Усманова,21,Восточный-2,23
8691,385,Раиса Усманова,21,Восточный-2,24
8692,385,Раиса Усманова,21,Восточный-2,25
8693,385,Раиса Усманова,21,Восточный-2,26
8694,385,Раиса Усманова,21,Восточный-2,27
8695,385,Раиса Усманова,21,Восточный-2,28
8696,385,Раиса Усманова,21,Восточный-2,29
8697,385,Раиса Усманова,21,Восточный-2,30
8698,385,Раиса Усманова,21,Восточный-2,31
8699,385,Раиса Усманова,21,Восточный-2,32
8700,385,Раиса Усманова,21,Восточный-2,37
8701,385,Раиса Усманова,21,Восточный-2,39
8702,385,Раиса Усманова,21,Восточный-2,40
8703,385,Раиса Усманова,21,Восточный-2,41
8704,385,Раиса Усманова,21,Восточный-2,42
8705,385,Раиса Усманова,21,Восточный-2,43
8706,385,Раиса Усманова,21,Восточный-2,44
8707,385,Раиса Усманова,21,Восточный-2,45
8708,385,Раиса Усманова,21,Восточный-2,47
8709,385,Раиса Усманова,21,Восточный-2,49
8710,385,Раиса Усманова,21,Восточный-2,5
8711,385,Раиса Усманова,21,Восточный-2,52
8712,385,Раиса Усманова,21,Восточный-2,6
8713,385,Раиса Усманова,21,Восточный-2,8
8714,385,Раиса Усманова,21,Восточный-2,9
8715,386,Рамазана Уметбаева,22,Восточный-1,1
8716,386,Рамазана Уметбаева,22,Восточный-1,1/2
8717,386,Рамазана Уметбаева,22,Восточный-1,1/3
8718,386,Рамазана Уметбаева,22,Восточный-1,10
8719,386,Рамазана Уметбаева,22,Восточный-1,10к3
8720,386,Рамазана Уметбаева,22,Восточный-1,11
8721,386,Рамазана Уметбаева,22,Восточный-1,12
8722,386,Рамазана Уметбаева,22,Восточный-1,13
8723,386,Рамазана Уметбаева,22,Восточный-1,14
8724,386,Рамазана Уметбаева,22,Восточный-1,15
8725,386,Рамазана Уметбаева,22,Восточный-1,17
8726,386,Рамазана Уметбаева,22,Восточный-1,17/1
8727,386,Рамазана Уметбаева,22,Восточный-1,18
8728,386,Рамазана Уметбаева,22,Восточный-1,19
8729,386,Рамазана Уметбаева,22,Восточный-1,19/1
8730,386,Рамазана Уметбаева,22,Восточный-1,1а
8731,386,Рамазана Уметбаева,22,Восточный-1,2
8732,386,Рамазана Уметбаева,22,Восточный-1,20
8733,386,Рамазана Уметбаева,22,Восточный-1,21
8734,386,Рамазана Уметбаева,22,Восточный-1,23/1
8735,386,Рамазана Уметбаева,22,Восточный-1,24
8736,386,Рамазана Уметбаева,22,Восточный-1,25
8737,386,Рамазана Уметбаева,22,Восточный-1,25/1
8738,386,Рамазана Уметбаева,22,Восточный-1,27
8739,386,Рамазана Уметбаева,22,Восточный-1,27/1
8740,386,Рамазана Уметбаева,22,Восточный-1,27/2
8741,386,Рамазана Уметбаева,22,Восточный-1,27/3
8742,386,Рамазана Уметбаева,22,Восточный-1,28
8743,386,Рамазана Уметбаева,22,Восточный-1,29
8744,386,Рамазана Уметбаева,22,Восточный-1,29/1
8745,386,Рамазана Уметбаева,22,Восточный-1,30
8746,386,Рамазана Уметбаева,22,Восточный-1,31
8747,386,Рамазана Уметбаева,22,Восточный-1,32
8748,386,Рамазана Уметбаева,22,Восточный-1,36
8749,386,Рамазана Уметбаева,22,Восточный-1,4
8750,386,Рамазана Уметбаева,22,Восточный-1,5
8751,386,Рамазана Уметбаева,22,Восточный-1,6
8752,386,Рамазана Уметбаева,22,Восточный-1,7
8753,386,Рамазана Уметбаева,22,Восточный-1,8
8754,386,Рамазана Уметбаева,22,Восточный-1,9
8755,387,Расуля Кужахметова,22,Восточный-1,1
8756,387,Расуля Кужахметова,22,Восточный-1,10
8757,387,Расуля Кужахметова,22,Восточный-1,11
8758,387,Расуля Кужахметова,22,Восточный-1,12
8759,387,Расуля Кужахметова,22,Восточный-1,13
8760,387,Расуля Кужахметова,22,Восточный-1,14
8761,387,Расуля Кужахметова,22,Восточный-1,15
8762,387,Расуля Кужахметова,22,Восточный-1,16
8763,387,Расуля Кужахметова,22,Восточный-1,17
8764,387,Расуля Кужахметова,22,Восточный-1,18
8765,387,Расуля Кужахметова,22,Восточный-1,19
8766,387,Расуля Кужахметова,22,Восточный-1,2
8767,387,Расуля Кужахметова,22,Восточный-1,20
8768,387,Расуля Кужахметова,22,Восточный-1,21
8769,387,Расуля Кужахметова,22,Восточный-1,21/1
8770,387,Расуля Кужахметова,22,Восточный-1,22
8771,387,Расуля Кужахметова,22,Восточный-1,23
8772,387,Расуля Кужахметова,22,Восточный-1,24
8773,387,Расуля Кужахметова,22,Восточный-1,25
8774,387,Расуля Кужахметова,22,Восточный-1,26
8775,387,Расуля Кужахметова,22,Восточный-1,26А
8776,387,Расуля Кужахметова,22,Восточный-1,27
8777,387,Расуля Кужахметова,22,Восточный-1,28
8778,387,Расуля Кужахметова,22,Восточный-1,29
8779,387,Расуля Кужахметова,22,Восточный-1,3
8780,387,Расуля Кужахметова,22,Восточный-1,30
8781,387,Расуля Кужахметова,22,Восточный-1,31
8782,387,Расуля Кужахметова,22,Восточный-1,32
8783,387,Расуля Кужахметова,22,Восточный-1,33
8784,387,Расуля Кужахметова,22,Восточный-1,35
8785,387,Расуля Кужахметова,22,Восточный-1,36
8786,387,Расуля Кужахметова,22,Восточный-1,37
8787,387,Расуля Кужахметова,22,Восточный-1,38
8788,387,Расуля Кужахметова,22,Восточный-1,39
8789,387,Расуля Кужахметова,22,Восточный-1,4
8790,387,Расуля Кужахметова,22,Восточный-1,40
8791,387,Расуля Кужахметова,22,Восточный-1,5
8792,387,Расуля Кужахметова,22,Восточный-1,6
8793,387,Расуля Кужахметова,22,Восточный-1,7
8794,387,Расуля Кужахметова,22,Восточный-1,8
8795,387,Расуля Кужахметова,22,Восточный-1,9
8796,388,Рауфа Давлетова,20,Южный,1
8797,388,Рауфа Давлетова,20,Южный,1/2
8798,388,Рауфа Давлетова,20,Южный,1/7
8799,388,Рауфа Давлетова,20,Южный,10/1
8800,388,Рауфа Давлетова,20,Южный,10/3
8801,388,Рауфа Давлетова,20,Южный,10/4
8802,388,Рауфа Давлетова,20,Южный,11
8803,388,Рауфа Давлетова,20,Южный,12
8804,388,Рауфа Давлетова,20,Южный,13
8805,388,Рауфа Давлетова,20,Южный,14/1
8806,388,Рауфа Давлетова,20,Южный,15
8807,388,Рауфа Давлетова,20,Южный,15/1
8808,388,Рауфа Давлетова,20,Южный,15/2
8809,388,Рауфа Давлетова,20,Южный,16/3
8810,388,Рауфа Давлетова,20,Южный,17
8811,388,Рауфа Давлетова,20,Южный,18
8812,388,Рауфа Давлетова,20,Южный,19
8813,388,Рауфа Давлетова,20,Южный,1к3
8814,388,Рауфа Давлетова,20,Южный,1к4
8815,388,Рауфа Давлетова,20,Южный,2
8816,388,Рауфа Давлетова,20,Южный,2/1
8817,388,Рауфа Давлетова,20,Южный,20
8818,388,Рауфа Давлетова,20,Южный,21
8819,388,Рауфа Давлетова,20,Южный,22
8820,388,Рауфа Давлетова,20,Южный,23
8821,388,Рауфа Давлетова,20,Южный,24
8822,388,Рауфа Давлетова,20,Южный,25
8823,388,Рауфа Давлетова,20,Южный,26
8824,388,Рауфа Давлетова,20,Южный,27
8825,388,Рауфа Давлетова,20,Южный,28
8826,388,Рауфа Давлетова,20,Южный,29
8827,388,Рауфа Давлетова,20,Южный,2а
8828,388,Рауфа Давлетова,20,Южный,2б
8829,388,Рауфа Давлетова,20,Южный,3
8830,388,Рауфа Давлетова,20,Южный,30
8831,388,Рауфа Давлетова,20,Южный,32
8832,388,Рауфа Давлетова,20,Южный,33
8833,388,Рауфа Давлетова,20,Южный,34
8834,388,Рауфа Давлетова,20,Южный,35
8835,388,Рауфа Давлетова,20,Южный,37
8836,388,Рауфа Давлетова,20,Южный,39
8837,388,Рауфа Давлетова,20,Южный,4
8838,388,Рауфа Давлетова,20,Южный,4/1
8839,388,Рауфа Давлетова,20,Южный,41
8840,388,Рауфа Давлетова,20,Южный,43
8841,388,Рауфа Давлетова,20,Южный,45
8842,388,Рауфа Давлетова,20,Южный,47
8843,388,Рауфа Давлетова,20,Южный,49
8844,388,Рауфа Давлетова,20,Южный,5
8845,388,Рауфа Давлетова,20,Южный,51
8846,388,Рауфа Давлетова,20,Южный,53
8847,388,Рауфа Давлетова,20,Южный,55
8848,388,Рауфа Давлетова,20,Южный,57
8849,388,Рауфа Давлетова,20,Южный,58
8850,388,Рауфа Давлетова,20,Южный,59
8851,388,Рауфа Давлетова,20,Южный,6
8852,388,Рауфа Давлетова,20,Южный,6/2
8853,388,Рауфа Давлетова,20,Южный,6/3
8854,388,Рауфа Давлетова,20,Южный,61
8855,388,Рауфа Давлетова,20,Южный,63
8856,388,Рауфа Давлетова,20,Южный,65
8857,388,Рауфа Давлетова,20,Южный,68
8858,388,Рауфа Давлетова,20,Южный,7
8859,388,Рауфа Давлетова,20,Южный,70
8860,388,Рауфа Давлетова,20,Южный,8/4
8861,388,Рауфа Давлетова,20,Южный,9
8862,389,Рафика Сальманова,21,Восточный-2,1/3
8863,389,Рафика Сальманова,21,Восточный-2,11
8864,389,Рафика Сальманова,21,Восточный-2,12
8865,389,Рафика Сальманова,21,Восточный-2,13
8866,389,Рафика Сальманова,21,Восточный-2,14
8867,389,Рафика Сальманова,21,Восточный-2,17
8868,389,Рафика Сальманова,21,Восточный-2,18
8869,389,Рафика Сальманова,21,Восточный-2,19
8870,389,Рафика Сальманова,21,Восточный-2,22
8871,389,Рафика Сальманова,21,Восточный-2,23
8872,389,Рафика Сальманова,21,Восточный-2,24
8873,389,Рафика Сальманова,21,Восточный-2,26
8874,389,Рафика Сальманова,21,Восточный-2,27
8875,389,Рафика Сальманова,21,Восточный-2,29
8876,389,Рафика Сальманова,21,Восточный-2,3
8877,389,Рафика Сальманова,21,Восточный-2,30
8878,389,Рафика Сальманова,21,Восточный-2,31
8879,389,Рафика Сальманова,21,Восточный-2,32
8880,389,Рафика Сальманова,21,Восточный-2,33
8881,389,Рафика Сальманова,21,Восточный-2,36
8882,389,Рафика Сальманова,21,Восточный-2,37
8883,389,Рафика Сальманова,21,Восточный-2,38
8884,389,Рафика Сальманова,21,Восточный-2,39
8885,389,Рафика Сальманова,21,Восточный-2,41
8886,389,Рафика Сальманова,21,Восточный-2,42
8887,389,Рафика Сальманова,21,Восточный-2,43
8888,389,Рафика Сальманова,21,Восточный-2,44
8889,389,Рафика Сальманова,21,Восточный-2,45
8890,389,Рафика Сальманова,21,Восточный-2,47
8891,389,Рафика Сальманова,21,Восточный-2,48
8892,389,Рафика Сальманова,21,Восточный-2,49
8893,389,Рафика Сальманова,21,Восточный-2,5
8894,389,Рафика Сальманова,21,Восточный-2,50
8895,389,Рафика Сальманова,21,Восточный-2,51
8896,389,Рафика Сальманова,21,Восточный-2,52
8897,389,Рафика Сальманова,21,Восточный-2,53
8898,389,Рафика Сальманова,21,Восточный-2,54
8899,389,Рафика Сальманова,21,Восточный-2,55
8900,389,Рафика Сальманова,21,Восточный-2,56
8901,389,Рафика Сальманова,21,Восточный-2,59
8902,389,Рафика Сальманова,21,Восточный-2,61
8903,389,Рафика Сальманова,21,Восточный-2,62
8904,389,Рафика Сальманова,21,Восточный-2,63
8905,389,Рафика Сальманова,21,Восточный-2,64
8906,389,Рафика Сальманова,21,Восточный-2,65
8907,389,Рафика Сальманова,21,Восточный-2,66
8908,389,Рафика Сальманова,21,Восточный-2,69
8909,389,Рафика Сальманова,21,Восточный-2,7
8910,389,Рафика Сальманова,21,Восточный-2,70
8911,389,Рафика Сальманова,21,Восточный-2,72
8912,389,Рафика Сальманова,21,Восточный-2,75
8913,389,Рафика Сальманова,21,Восточный-2,76
8914,389,Рафика Сальманова,21,Восточный-2,77
8915,389,Рафика Сальманова,21,Восточный-2,8
8916,389,Рафика Сальманова,21,Восточный-2,80
8917,389,Рафика Сальманова,21,Восточный-2,81/1
8918,389,Рафика Сальманова,21,Восточный-2,83
8919,389,Рафика Сальманова,21,Восточный-2,84
8920,389,Рафика Сальманова,21,Восточный-2,86
8921,389,Рафика Сальманова,21,Восточный-2,87
8922,389,Рафика Сальманова,21,Восточный-2,9
8923,389,Рафика Сальманова,21,Восточный-2,90
8924,390,Рихарда Зорге,20,Южный,10
8925,390,Рихарда Зорге,20,Южный,11
8926,390,Рихарда Зорге,20,Южный,12
8927,390,Рихарда Зорге,20,Южный,13
8928,390,Рихарда Зорге,20,Южный,14/1
8929,390,Рихарда Зорге,20,Южный,14/2
8930,390,Рихарда Зорге,20,Южный,15
8931,390,Рихарда Зорге,20,Южный,16
8932,390,Рихарда Зорге,20,Южный,16/1
8933,390,Рихарда Зорге,20,Южный,16/2
8934,390,Рихарда Зорге,20,Южный,16а
8935,390,Рихарда Зорге,20,Южный,17
8936,390,Рихарда Зорге,20,Южный,18
8937,390,Рихарда Зорге,20,Южный,19
8938,390,Рихарда Зорге,20,Южный,2
8939,390,Рихарда Зорге,20,Южный,2/1
8940,390,Рихарда Зорге,20,Южный,20
8941,390,Рихарда Зорге,20,Южный,21
8942,390,Рихарда Зорге,20,Южный,22
8943,390,Рихарда Зорге,20,Южный,23
8944,390,Рихарда Зорге,20,Южный,24
8945,390,Рихарда Зорге,20,Южный,24А
8946,390,Рихарда Зорге,20,Южный,25
8947,390,Рихарда Зорге,20,Южный,26
8948,390,Рихарда Зорге,20,Южный,27
8949,390,Рихарда Зорге,20,Южный,28
8950,390,Рихарда Зорге,20,Южный,29
8951,390,Рихарда Зорге,20,Южный,3
8952,390,Рихарда Зорге,20,Южный,30
8953,390,Рихарда Зорге,20,Южный,31
8954,390,Рихарда Зорге,20,Южный,32
8955,390,Рихарда Зорге,20,Южный,33
8956,390,Рихарда Зорге,20,Южный,34
8957,390,Рихарда Зорге,20,Южный,35
8958,390,Рихарда Зорге,20,Южный,36
8959,390,Рихарда Зорге,20,Южный,37
8960,390,Рихарда Зорге,20,Южный,37/1
8961,390,Рихарда Зорге,20,Южный,37Б
8962,390,Рихарда Зорге,20,Южный,37а
8963,390,Рихарда Зорге,20,Южный,38
8964,390,Рихарда Зорге,20,Южный,39
8965,390,Рихарда Зорге,20,Южный,4
8966,390,Рихарда Зорге,20,Южный,40
8967,390,Рихарда Зорге,20,Южный,41
8968,390,Рихарда Зорге,20,Южный,42
8969,390,Рихарда Зорге,20,Южный,43
8970,390,Рихарда Зорге,20,Южный,44
8971,390,Рихарда Зорге,20,Южный,45
8972,390,Рихарда Зорге,20,Южный,45/1
8973,390,Рихарда Зорге,20,Южный,46
8974,390,Рихарда Зорге,20,Южный,47
8975,390,Рихарда Зорге,20,Южный,48
8976,390,Рихарда Зорге,20,Южный,5
8977,390,Рихарда Зорге,20,Южный,50
8978,390,Рихарда Зорге,20,Южный,52
8979,390,Рихарда Зорге,20,Южный,52А
8980,390,Рихарда Зорге,20,Южный,54
8981,390,Рихарда Зорге,20,Южный,6
8982,390,Рихарда Зорге,20,Южный,68
8983,390,Рихарда Зорге,20,Южный,7
8984,390,Рихарда Зорге,20,Южный,8
8985,390,Рихарда Зорге,20,Южный,9
8986,390,Рихарда Зорге,20,Южный,9/1
8987,390,Рихарда Зорге,20,Южный,9/2
8988,390,Рихарда Зорге,20,Южный,9/3
8989,390,Рихарда Зорге,20,Южный,9/5
8990,391,Садовая,21,Восточный-2,1
8991,391,Садовая,21,Восточный-2,1/1
8992,391,Садовая,21,Восточный-2,10
8993,391,Садовая,21,Восточный-2,11
8994,391,Садовая,21,Восточный-2,12
8995,391,Садовая,21,Восточный-2,13
8996,391,Садовая,21,Восточный-2,14
8997,391,Садовая,21,Восточный-2,14/1
8998,391,Садовая,21,Восточный-2,15
8999,391,Садовая,21,Восточный-2,16
9000,391,Садовая,21,Восточный-2,16/1
9001,391,Садовая,21,Восточный-2,17
9002,391,Садовая,21,Восточный-2,19
9003,391,Садовая,21,Восточный-2,19/1
9004,391,Садовая,21,Восточный-2,19/2
9005,391,Садовая,21,Восточный-2,19/4
9006,391,Садовая,21,Восточный-2,1а
9007,391,Садовая,21,Восточный-2,2
9008,391,Садовая,21,Восточный-2,20
9009,391,Садовая,21,Восточный-2,21
9010,391,Садовая,21,Восточный-2,21/2
9011,391,Садовая,21,Восточный-2,22
9012,391,Садовая,21,Восточный-2,23
9013,391,Садовая,21,Восточный-2,24
9014,391,Садовая,21,Восточный-2,25
9015,391,Садовая,21,Восточный-2,26
9016,391,Садовая,21,Восточный-2,27
9017,391,Садовая,21,Восточный-2,28
9018,391,Садовая,21,Восточный-2,29
9019,391,Садовая,21,Восточный-2,3
9020,391,Садовая,21,Восточный-2,30
9021,391,Садовая,21,Восточный-2,31
9022,391,Садовая,21,Восточный-2,32
9023,391,Садовая,21,Восточный-2,33
9024,391,Садовая,21,Восточный-2,34
9025,391,Садовая,21,Восточный-2,35
9026,391,Садовая,21,Восточный-2,36
9027,391,Садовая,21,Восточный-2,37
9028,391,Садовая,21,Восточный-2,40
9029,391,Садовая,21,Восточный-2,42
9030,391,Садовая,21,Восточный-2,43
9031,391,Садовая,21,Восточный-2,45
9032,391,Садовая,21,Восточный-2,46
9033,391,Садовая,21,Восточный-2,47
9034,391,Садовая,21,Восточный-2,48
9035,391,Садовая,21,Восточный-2,49
9036,391,Садовая,21,Восточный-2,52
9037,391,Садовая,21,Восточный-2,53
9038,391,Садовая,21,Восточный-2,6
9039,391,Садовая,21,Восточный-2,7/1
9040,391,Садовая,21,Восточный-2,8
9041,391,Садовая,21,Восточный-2,9
9042,392,Салавата Кадырова,21,Восточный-2,17
9043,392,Салавата Кадырова,21,Восточный-2,38
9044,393,Салавата Юлаева,19,Центр,1
9045,393,Салавата Юлаева,19,Центр,11
9046,393,Салавата Юлаева,19,Центр,12
9047,393,Салавата Юлаева,19,Центр,12а
9048,393,Салавата Юлаева,19,Центр,13
9049,393,Салавата Юлаева,19,Центр,14
9050,393,Салавата Юлаева,19,Центр,16
9051,393,Салавата Юлаева,19,Центр,18
9052,393,Салавата Юлаева,19,Центр,19
9053,393,Салавата Юлаева,19,Центр,2
9054,393,Салавата Юлаева,19,Центр,20
9055,393,Салавата Юлаева,19,Центр,21
9056,393,Салавата Юлаева,19,Центр,22
9057,393,Салавата Юлаева,19,Центр,23
9058,393,Салавата Юлаева,19,Центр,24
9059,393,Салавата Юлаева,19,Центр,25
9060,393,Салавата Юлаева,19,Центр,26
9061,393,Салавата Юлаева,19,Центр,27
9062,393,Салавата Юлаева,19,Центр,28
9063,393,Салавата Юлаева,19,Центр,29
9064,393,Салавата Юлаева,19,Центр,2а
9065,393,Салавата Юлаева,19,Центр,3
9066,393,Салавата Юлаева,19,Центр,30
9067,393,Салавата Юлаева,19,Центр,31
9068,393,Салавата Юлаева,19,Центр,33
9069,393,Салавата Юлаева,19,Центр,33а
9070,393,Салавата Юлаева,19,Центр,34
9071,393,Салавата Юлаева,19,Центр,35
9072,393,Салавата Юлаева,19,Центр,36
9073,393,Салавата Юлаева,19,Центр,37
9074,393,Салавата Юлаева,19,Центр,38
9075,393,Салавата Юлаева,19,Центр,38А
9076,393,Салавата Юлаева,19,Центр,4
9077,393,Салавата Юлаева,19,Центр,40
9078,393,Салавата Юлаева,19,Центр,42
9079,393,Салавата Юлаева,19,Центр,44
9080,393,Салавата Юлаева,19,Центр,46
9081,393,Салавата Юлаева,19,Центр,46/1
9082,393,Салавата Юлаева,19,Центр,48
9083,393,Салавата Юлаева,19,Центр,5
9084,393,Салавата Юлаева,19,Центр,6
9085,393,Салавата Юлаева,19,Центр,65/1
9086,393,Салавата Юлаева,19,Центр,65а
9087,393,Салавата Юлаева,19,Центр,7
9088,393,Салавата Юлаева,19,Центр,8
9089,393,Салавата Юлаева,19,Центр,8/1
9090,393,Салавата Юлаева,19,Центр,9
9091,394,Сарии Миржановой,21,Восточный-2,1
9092,394,Сарии Миржановой,21,Восточный-2,1/2
9093,394,Сарии Миржановой,21,Восточный-2,11
9094,394,Сарии Миржановой,21,Восточный-2,12
9095,394,Сарии Миржановой,21,Восточный-2,13
9096,394,Сарии Миржановой,21,Восточный-2,14
9097,394,Сарии Миржановой,21,Восточный-2,15/1
9098,394,Сарии Миржановой,21,Восточный-2,16
9099,394,Сарии Миржановой,21,Восточный-2,16/1
9100,394,Сарии Миржановой,21,Восточный-2,16/2
9101,394,Сарии Миржановой,21,Восточный-2,16/3
9102,394,Сарии Миржановой,21,Восточный-2,17
9103,394,Сарии Миржановой,21,Восточный-2,17/2
9104,394,Сарии Миржановой,21,Восточный-2,17/3
9105,394,Сарии Миржановой,21,Восточный-2,18/1
9106,394,Сарии Миржановой,21,Восточный-2,18/2
9107,394,Сарии Миржановой,21,Восточный-2,19
9108,394,Сарии Миржановой,21,Восточный-2,1а
9109,394,Сарии Миржановой,21,Восточный-2,1б
9110,394,Сарии Миржановой,21,Восточный-2,2
9111,394,Сарии Миржановой,21,Восточный-2,2/1
9112,394,Сарии Миржановой,21,Восточный-2,2/1а
9113,394,Сарии Миржановой,21,Восточный-2,20
9114,394,Сарии Миржановой,21,Восточный-2,21
9115,394,Сарии Миржановой,21,Восточный-2,22
9116,394,Сарии Миржановой,21,Восточный-2,23
9117,394,Сарии Миржановой,21,Восточный-2,24
9118,394,Сарии Миржановой,21,Восточный-2,25
9119,394,Сарии Миржановой,21,Восточный-2,26
9120,394,Сарии Миржановой,21,Восточный-2,27
9121,394,Сарии Миржановой,21,Восточный-2,28
9122,394,Сарии Миржановой,21,Восточный-2,29
9123,394,Сарии Миржановой,21,Восточный-2,2а
9124,394,Сарии Миржановой,21,Восточный-2,3/1
9125,394,Сарии Миржановой,21,Восточный-2,30
9126,394,Сарии Миржановой,21,Восточный-2,31
9127,394,Сарии Миржановой,21,Восточный-2,32
9128,394,Сарии Миржановой,21,Восточный-2,33
9129,394,Сарии Миржановой,21,Восточный-2,34
9130,394,Сарии Миржановой,21,Восточный-2,36
9131,394,Сарии Миржановой,21,Восточный-2,38
9132,394,Сарии Миржановой,21,Восточный-2,39
9133,394,Сарии Миржановой,21,Восточный-2,40
9134,394,Сарии Миржановой,21,Восточный-2,41
9135,394,Сарии Миржановой,21,Восточный-2,44
9136,394,Сарии Миржановой,21,Восточный-2,45
9137,394,Сарии Миржановой,21,Восточный-2,46
9138,394,Сарии Миржановой,21,Восточный-2,47
9139,394,Сарии Миржановой,21,Восточный-2,48
9140,394,Сарии Миржановой,21,Восточный-2,5
9141,394,Сарии Миржановой,21,Восточный-2,50
9142,394,Сарии Миржановой,21,Восточный-2,50/1
9143,394,Сарии Миржановой,21,Восточный-2,51
9144,394,Сарии Миржановой,21,Восточный-2,52
9145,394,Сарии Миржановой,21,Восточный-2,6
9146,394,Сарии Миржановой,21,Восточный-2,7
9147,394,Сарии Миржановой,21,Восточный-2,9
9148,395,Сафы Истамгалина,22,Восточный-1,17
9149,395,Сафы Истамгалина,22,Восточный-1,19
9150,395,Сафы Истамгалина,22,Восточный-1,21
9151,395,Сафы Истамгалина,22,Восточный-1,23
9152,395,Сафы Истамгалина,22,Восточный-1,25
9153,395,Сафы Истамгалина,22,Восточный-1,27
9154,395,Сафы Истамгалина,22,Восточный-1,29
9155,395,Сафы Истамгалина,22,Восточный-1,31
9156,395,Сафы Истамгалина,22,Восточный-1,33
9157,395,Сафы Истамгалина,22,Восточный-1,35
9158,395,Сафы Истамгалина,22,Восточный-1,37
9159,395,Сафы Истамгалина,22,Восточный-1,39
9160,395,Сафы Истамгалина,22,Восточный-1,40
9161,395,Сафы Истамгалина,22,Восточный-1,41
9162,395,Сафы Истамгалина,22,Восточный-1,42
9163,395,Сафы Истамгалина,22,Восточный-1,43
9164,395,Сафы Истамгалина,22,Восточный-1,45
9165,395,Сафы Истамгалина,22,Восточный-1,47
9166,395,Сафы Истамгалина,22,Восточный-1,48
9167,395,Сафы Истамгалина,22,Восточный-1,49
9168,395,Сафы Истамгалина,22,Восточный-1,51
9169,395,Сафы Истамгалина,22,Восточный-1,52
9170,395,Сафы Истамгалина,22,Восточный-1,53
9171,395,Сафы Истамгалина,22,Восточный-1,54
9172,395,Сафы Истамгалина,22,Восточный-1,55
9173,395,Сафы Истамгалина,22,Восточный-1,56
9174,395,Сафы Истамгалина,22,Восточный-1,58
9175,395,Сафы Истамгалина,22,Восточный-1,60
9176,396,Советская,19,Центр,1
9177,396,Советская,19,Центр,10
9178,396,Советская,19,Центр,11
9179,396,Советская,19,Центр,13
9180,396,Советская,19,Центр,14
9181,396,Советская,19,Центр,15
9182,396,Советская,19,Центр,16
9183,396,Советская,19,Центр,17
9184,396,Советская,19,Центр,19
9185,396,Советская,19,Центр,2
9186,396,Советская,19,Центр,20
9187,396,Советская,19,Центр,21
9188,396,Советская,19,Центр,22
9189,396,Советская,19,Центр,23
9190,396,Советская,19,Центр,24
9191,396,Советская,19,Центр,26
9192,396,Советская,19,Центр,27
9193,396,Советская,19,Центр,3
9194,396,Советская,19,Центр,36
9195,396,Советская,19,Центр,4А
9196,396,Советская,19,Центр,4Б
9197,396,Советская,19,Центр,5
9198,396,Советская,19,Центр,6
9199,396,Советская,19,Центр,7
9200,396,Советская,19,Центр,8
9201,396,Советская,19,Центр,9
9202,397,Солнечная,21,Восточный-2,1
9203,397,Солнечная,21,Восточный-2,10
9204,397,Солнечная,21,Восточный-2,16
9205,397,Солнечная,21,Восточный-2,17/1
9206,397,Солнечная,21,Восточный-2,18
9207,397,Солнечная,21,Восточный-2,19
9208,397,Солнечная,21,Восточный-2,2
9209,397,Солнечная,21,Восточный-2,20
9210,397,Солнечная,21,Восточный-2,21
9211,397,Солнечная,21,Восточный-2,25
9212,397,Солнечная,21,Восточный-2,26
9213,397,Солнечная,21,Восточный-2,28
9214,397,Солнечная,21,Восточный-2,29
9215,397,Солнечная,21,Восточный-2,3
9216,397,Солнечная,21,Восточный-2,31
9217,397,Солнечная,21,Восточный-2,32
9218,397,Солнечная,21,Восточный-2,33
9219,397,Солнечная,21,Восточный-2,35
9220,397,Солнечная,21,Восточный-2,38
9221,397,Солнечная,21,Восточный-2,39
9222,397,Солнечная,21,Восточный-2,40
9223,397,Солнечная,21,Восточный-2,41
9224,397,Солнечная,21,Восточный-2,49
9225,397,Солнечная,21,Восточный-2,5
9226,397,Солнечная,21,Восточный-2,50
9227,397,Солнечная,21,Восточный-2,50/1
9228,397,Солнечная,21,Восточный-2,53
9229,397,Солнечная,21,Восточный-2,57
9230,397,Солнечная,21,Восточный-2,59
9231,397,Солнечная,21,Восточный-2,7/1
9232,397,Солнечная,21,Восточный-2,73
9233,397,Солнечная,21,Восточный-2,77
9234,397,Солнечная,21,Восточный-2,78
9235,397,Солнечная,21,Восточный-2,79
9236,397,Солнечная,21,Восточный-2,8
9237,397,Солнечная,21,Восточный-2,9
9238,398,Сосновая,22,Восточный-1,1
9239,398,Сосновая,22,Восточный-1,1/1
9240,398,Сосновая,22,Восточный-1,15
9241,398,Сосновая,22,Восточный-1,17
9242,398,Сосновая,22,Восточный-1,19
9243,398,Сосновая,22,Восточный-1,21
9244,398,Сосновая,22,Восточный-1,23
9245,398,Сосновая,22,Восточный-1,25
9246,398,Сосновая,22,Восточный-1,27
9247,398,Сосновая,22,Восточный-1,3
9248,398,Сосновая,22,Восточный-1,33
9249,398,Сосновая,22,Восточный-1,35
9250,398,Сосновая,22,Восточный-1,37
9251,399,Строителей,20,Южный,1
9252,399,Строителей,20,Южный,10
9253,399,Строителей,20,Южный,11
9254,399,Строителей,20,Южный,12
9255,399,Строителей,20,Южный,13
9256,399,Строителей,20,Южный,14
9257,399,Строителей,20,Южный,15
9258,399,Строителей,20,Южный,16
9259,399,Строителей,20,Южный,17
9260,399,Строителей,20,Южный,18
9261,399,Строителей,20,Южный,19
9262,399,Строителей,20,Южный,1а
9263,399,Строителей,20,Южный,2
9264,399,Строителей,20,Южный,20
9265,399,Строителей,20,Южный,21
9266,399,Строителей,20,Южный,22
9267,399,Строителей,20,Южный,23
9268,399,Строителей,20,Южный,23/1
9269,399,Строителей,20,Южный,24
9270,399,Строителей,20,Южный,2А
9271,399,Строителей,20,Южный,3/2
9272,399,Строителей,20,Южный,4
9273,399,Строителей,20,Южный,5
9274,399,Строителей,20,Южный,6
9275,399,Строителей,20,Южный,7
9276,399,Строителей,20,Южный,8
9277,399,Строителей,20,Южный,9
9278,400,Тагира Кусимова,20,Южный,1
9279,400,Тагира Кусимова,20,Южный,10
9280,400,Тагира Кусимова,20,Южный,11
9281,400,Тагира Кусимова,20,Южный,12
9282,400,Тагира Кусимова,20,Южный,14
9283,400,Тагира Кусимова,20,Южный,16
9284,400,Тагира Кусимова,20,Южный,18
9285,400,Тагира Кусимова,20,Южный,2
9286,400,Тагира Кусимова,20,Южный,3
9287,400,Тагира Кусимова,20,Южный,4
9288,400,Тагира Кусимова,20,Южный,5
9289,400,Тагира Кусимова,20,Южный,6
9290,400,Тагира Кусимова,20,Южный,7
9291,400,Тагира Кусимова,20,Южный,8
9292,400,Тагира Кусимова,20,Южный,9
9293,401,Тамьян,21,Восточный-2,1/1
9294,401,Тамьян,21,Восточный-2,10
9295,401,Тамьян,21,Восточный-2,13
9296,401,Тамьян,21,Восточный-2,14
9297,401,Тамьян,21,Восточный-2,15
9298,401,Тамьян,21,Восточный-2,16/1
9299,401,Тамьян,21,Восточный-2,16/2
9300,401,Тамьян,21,Восточный-2,17
9301,401,Тамьян,21,Восточный-2,17/1
9302,401,Тамьян,21,Восточный-2,18
9303,401,Тамьян,21,Восточный-2,18/1
9304,401,Тамьян,21,Восточный-2,18/2
9305,401,Тамьян,21,Восточный-2,18/3
9306,401,Тамьян,21,Восточный-2,19
9307,401,Тамьян,21,Восточный-2,2/1
9308,401,Тамьян,21,Восточный-2,2/2
9309,401,Тамьян,21,Восточный-2,20
9310,401,Тамьян,21,Восточный-2,20/1
9311,401,Тамьян,21,Восточный-2,21
9312,401,Тамьян,21,Восточный-2,22
9313,401,Тамьян,21,Восточный-2,23
9314,401,Тамьян,21,Восточный-2,25
9315,401,Тамьян,21,Восточный-2,27
9316,401,Тамьян,21,Восточный-2,3
9317,401,Тамьян,21,Восточный-2,30
9318,401,Тамьян,21,Восточный-2,31
9319,401,Тамьян,21,Восточный-2,33
9320,401,Тамьян,21,Восточный-2,34
9321,401,Тамьян,21,Восточный-2,35
9322,401,Тамьян,21,Восточный-2,36
9323,401,Тамьян,21,Восточный-2,37
9324,401,Тамьян,21,Восточный-2,38
9325,401,Тамьян,21,Восточный-2,4
9326,401,Тамьян,21,Восточный-2,40
9327,401,Тамьян,21,Восточный-2,41
9328,401,Тамьян,21,Восточный-2,42
9329,401,Тамьян,21,Восточный-2,43
9330,401,Тамьян,21,Восточный-2,46
9331,401,Тамьян,21,Восточный-2,53
9332,401,Тамьян,21,Восточный-2,54
9333,401,Тамьян,21,Восточный-2,6
9334,401,Тамьян,21,Восточный-2,7
9335,401,Тамьян,21,Восточный-2,9
9336,402,Тангатарская,19,Центр,10
9337,402,Тангатарская,19,Центр,10к2
9338,402,Тангатарская,19,Центр,12/1
9339,402,Тангатарская,19,Центр,12/2
9340,402,Тангатарская,19,Центр,14
9341,402,Тангатарская,19,Центр,15
9342,402,Тангатарская,19,Центр,17
9343,402,Тангатарская,19,Центр,19
9344,402,Тангатарская,19,Центр,2
9345,402,Тангатарская,19,Центр,21
9346,402,Тангатарская,19,Центр,23
9347,402,Тангатарская,19,Центр,24
9348,402,Тангатарская,19,Центр,25
9349,402,Тангатарская,19,Центр,26
9350,402,Тангатарская,19,Центр,27
9351,402,Тангатарская,19,Центр,28
9352,402,Тангатарская,19,Центр,29
9353,402,Тангатарская,19,Центр,3
9354,402,Тангатарская,19,Центр,30
9355,402,Тангатарская,19,Центр,31
9356,402,Тангатарская,19,Центр,32
9357,402,Тангатарская,19,Центр,33
9358,402,Тангатарская,19,Центр,34
9359,402,Тангатарская,19,Центр,34А
9360,402,Тангатарская,19,Центр,35
9361,402,Тангатарская,19,Центр,36
9362,402,Тангатарская,19,Центр,37
9363,402,Тангатарская,19,Центр,39
9364,402,Тангатарская,19,Центр,39/1
9365,402,Тангатарская,19,Центр,4
9366,402,Тангатарская,19,Центр,40
9367,402,Тангатарская,19,Центр,41
9368,402,Тангатарская,19,Центр,42
9369,402,Тангатарская,19,Центр,43
9370,402,Тангатарская,19,Центр,44
9371,402,Тангатарская,19,Центр,45
9372,402,Тангатарская,19,Центр,46
9373,402,Тангатарская,19,Центр,47
9374,402,Тангатарская,19,Центр,48
9375,402,Тангатарская,19,Центр,49/1
9376,402,Тангатарская,19,Центр,5
9377,402,Тангатарская,19,Центр,50
9378,402,Тангатарская,19,Центр,52
9379,402,Тангатарская,19,Центр,54
9380,402,Тангатарская,19,Центр,56
9381,402,Тангатарская,19,Центр,58
9382,402,Тангатарская,19,Центр,5а
9383,402,Тангатарская,19,Центр,6
9384,402,Тангатарская,19,Центр,60
9385,402,Тангатарская,19,Центр,62
9386,402,Тангатарская,19,Центр,64
9387,402,Тангатарская,19,Центр,66
9388,402,Тангатарская,19,Центр,8к1
9389,402,Тангатарская,19,Центр,9
9390,403,Тунгаур,21,Восточный-2,1
9391,403,Тунгаур,21,Восточный-2,1/1
9392,403,Тунгаур,21,Восточный-2,1/2
9393,403,Тунгаур,21,Восточный-2,1/3
9394,403,Тунгаур,21,Восточный-2,10
9395,403,Тунгаур,21,Восточный-2,11
9396,403,Тунгаур,21,Восточный-2,12
9397,403,Тунгаур,21,Восточный-2,13
9398,403,Тунгаур,21,Восточный-2,14
9399,403,Тунгаур,21,Восточный-2,14/1
9400,403,Тунгаур,21,Восточный-2,15
9401,403,Тунгаур,21,Восточный-2,15/1
9402,403,Тунгаур,21,Восточный-2,15/2
9403,403,Тунгаур,21,Восточный-2,15/3
9404,403,Тунгаур,21,Восточный-2,16/1
9405,403,Тунгаур,21,Восточный-2,16/3
9406,403,Тунгаур,21,Восточный-2,17
9407,403,Тунгаур,21,Восточный-2,17/1
9408,403,Тунгаур,21,Восточный-2,17/2
9409,403,Тунгаур,21,Восточный-2,18/1
9410,403,Тунгаур,21,Восточный-2,18/2
9411,403,Тунгаур,21,Восточный-2,19
9412,403,Тунгаур,21,Восточный-2,2/1
9413,403,Тунгаур,21,Восточный-2,2/11
9414,403,Тунгаур,21,Восточный-2,2/3
9415,403,Тунгаур,21,Восточный-2,2/4
9416,403,Тунгаур,21,Восточный-2,2/5
9417,403,Тунгаур,21,Восточный-2,2/7
9418,403,Тунгаур,21,Восточный-2,21
9419,403,Тунгаур,21,Восточный-2,22
9420,403,Тунгаур,21,Восточный-2,23
9421,403,Тунгаур,21,Восточный-2,23/1
9422,403,Тунгаур,21,Восточный-2,25
9423,403,Тунгаур,21,Восточный-2,26
9424,403,Тунгаур,21,Восточный-2,27
9425,403,Тунгаур,21,Восточный-2,28
9426,403,Тунгаур,21,Восточный-2,3
9427,403,Тунгаур,21,Восточный-2,30
9428,403,Тунгаур,21,Восточный-2,31
9429,403,Тунгаур,21,Восточный-2,32
9430,403,Тунгаур,21,Восточный-2,33
9431,403,Тунгаур,21,Восточный-2,34
9432,403,Тунгаур,21,Восточный-2,35
9433,403,Тунгаур,21,Восточный-2,35/1
9434,403,Тунгаур,21,Восточный-2,38
9435,403,Тунгаур,21,Восточный-2,40
9436,403,Тунгаур,21,Восточный-2,41
9437,403,Тунгаур,21,Восточный-2,42
9438,403,Тунгаур,21,Восточный-2,43
9439,403,Тунгаур,21,Восточный-2,44
9440,403,Тунгаур,21,Восточный-2,46
9441,403,Тунгаур,21,Восточный-2,5
9442,403,Тунгаур,21,Восточный-2,52
9443,403,Тунгаур,21,Восточный-2,53
9444,403,Тунгаур,21,Восточный-2,6
9445,403,Тунгаур,21,Восточный-2,7
9446,403,Тунгаур,21,Восточный-2,8
9447,403,Тунгаур,21,Восточный-2,9
9448,404,Урал Батыра,23,Северный,1
9449,404,Урал Батыра,23,Северный,10
9450,404,Урал Батыра,23,Северный,11
9451,404,Урал Батыра,23,Северный,12
9452,404,Урал Батыра,23,Северный,13
9453,404,Урал Батыра,23,Северный,14
9454,404,Урал Батыра,23,Северный,15
9455,404,Урал Батыра,23,Северный,16
9456,404,Урал Батыра,23,Северный,17
9457,404,Урал Батыра,23,Северный,18
9458,404,Урал Батыра,23,Северный,19
9459,404,Урал Батыра,23,Северный,2
9460,404,Урал Батыра,23,Северный,2/1
9461,404,Урал Батыра,23,Северный,20/1
9462,404,Урал Батыра,23,Северный,21
9463,404,Урал Батыра,23,Северный,21/1
9464,404,Урал Батыра,23,Северный,21/2
9465,404,Урал Батыра,23,Северный,21к4
9466,404,Урал Батыра,23,Северный,21к5
9467,404,Урал Батыра,23,Северный,22
9468,404,Урал Батыра,23,Северный,23
9469,404,Урал Батыра,23,Северный,23к1
9470,404,Урал Батыра,23,Северный,24
9471,404,Урал Батыра,23,Северный,25
9472,404,Урал Батыра,23,Северный,26
9473,404,Урал Батыра,23,Северный,27
9474,404,Урал Батыра,23,Северный,28
9475,404,Урал Батыра,23,Северный,28к1
9476,404,Урал Батыра,23,Северный,29
9477,404,Урал Батыра,23,Северный,3
9478,404,Урал Батыра,23,Северный,30
9479,404,Урал Батыра,23,Северный,30к1
9480,404,Урал Батыра,23,Северный,31
9481,404,Урал Батыра,23,Северный,32
9482,404,Урал Батыра,23,Северный,33
9483,404,Урал Батыра,23,Северный,34
9484,404,Урал Батыра,23,Северный,35
9485,404,Урал Батыра,23,Северный,36
9486,404,Урал Батыра,23,Северный,38
9487,404,Урал Батыра,23,Северный,39
9488,404,Урал Батыра,23,Северный,39А
9489,404,Урал Батыра,23,Северный,4
9490,404,Урал Батыра,23,Северный,40
9491,404,Урал Батыра,23,Северный,41
9492,404,Урал Батыра,23,Северный,42
9493,404,Урал Батыра,23,Северный,44
9494,404,Урал Батыра,23,Северный,46
9495,404,Урал Батыра,23,Северный,48
9496,404,Урал Батыра,23,Северный,5
9497,404,Урал Батыра,23,Северный,50
9498,404,Урал Батыра,23,Северный,6
9499,404,Урал Батыра,23,Северный,7
9500,404,Урал Батыра,23,Северный,8
9501,404,Урал Батыра,23,Северный,9
9502,405,Уральская,23,Северный,16
9503,405,Уральская,23,Северный,20
9504,405,Уральская,23,Северный,30
9505,405,Уральская,23,Северный,32
9506,405,Уральская,23,Северный,39
9507,406,Учалинская,19,Центр,1
9508,406,Учалинская,19,Центр,10
9509,406,Учалинская,19,Центр,11
9510,406,Учалинская,19,Центр,12
9511,406,Учалинская,19,Центр,14
9512,406,Учалинская,19,Центр,16
9513,406,Учалинская,19,Центр,16/2
9514,406,Учалинская,19,Центр,16к1
9515,406,Учалинская,19,Центр,18
9516,406,Учалинская,19,Центр,18а
9517,406,Учалинская,19,Центр,3
9518,406,Учалинская,19,Центр,3/1
9519,406,Учалинская,19,Центр,5
9520,406,Учалинская,19,Центр,8
9521,406,Учалинская,19,Центр,9
9522,407,Файзи Гаскарова,21,Восточный-2,1
9523,407,Файзи Гаскарова,21,Восточный-2,1/1
9524,407,Файзи Гаскарова,21,Восточный-2,1/2
9525,407,Файзи Гаскарова,21,Восточный-2,10
9526,407,Файзи Гаскарова,21,Восточный-2,11
9527,407,Файзи Гаскарова,21,Восточный-2,12
9528,407,Файзи Гаскарова,21,Восточный-2,13
9529,407,Файзи Гаскарова,21,Восточный-2,15
9530,407,Файзи Гаскарова,21,Восточный-2,15/1
9531,407,Файзи Гаскарова,21,Восточный-2,16
9532,407,Файзи Гаскарова,21,Восточный-2,17/1
9533,407,Файзи Гаскарова,21,Восточный-2,18
9534,407,Файзи Гаскарова,21,Восточный-2,18/1
9535,407,Файзи Гаскарова,21,Восточный-2,19
9536,407,Файзи Гаскарова,21,Восточный-2,19/2
9537,407,Файзи Гаскарова,21,Восточный-2,1А
9538,407,Файзи Гаскарова,21,Восточный-2,2
9539,407,Файзи Гаскарова,21,Восточный-2,20
9540,407,Файзи Гаскарова,21,Восточный-2,20/3
9541,407,Файзи Гаскарова,21,Восточный-2,21
9542,407,Файзи Гаскарова,21,Восточный-2,21/1
9543,407,Файзи Гаскарова,21,Восточный-2,22
9544,407,Файзи Гаскарова,21,Восточный-2,23
9545,407,Файзи Гаскарова,21,Восточный-2,24
9546,407,Файзи Гаскарова,21,Восточный-2,25
9547,407,Файзи Гаскарова,21,Восточный-2,26
9548,407,Файзи Гаскарова,21,Восточный-2,27
9549,407,Файзи Гаскарова,21,Восточный-2,28
9550,407,Файзи Гаскарова,21,Восточный-2,29
9551,407,Файзи Гаскарова,21,Восточный-2,3
9552,407,Файзи Гаскарова,21,Восточный-2,30
9553,407,Файзи Гаскарова,21,Восточный-2,31
9554,407,Файзи Гаскарова,21,Восточный-2,32
9555,407,Файзи Гаскарова,21,Восточный-2,33
9556,407,Файзи Гаскарова,21,Восточный-2,34
9557,407,Файзи Гаскарова,21,Восточный-2,35
9558,407,Файзи Гаскарова,21,Восточный-2,36
9559,407,Файзи Гаскарова,21,Восточный-2,37
9560,407,Файзи Гаскарова,21,Восточный-2,38
9561,407,Файзи Гаскарова,21,Восточный-2,39
9562,407,Файзи Гаскарова,21,Восточный-2,4
9563,407,Файзи Гаскарова,21,Восточный-2,40
9564,407,Файзи Гаскарова,21,Восточный-2,41
9565,407,Файзи Гаскарова,21,Восточный-2,42
9566,407,Файзи Гаскарова,21,Восточный-2,43
9567,407,Файзи Гаскарова,21,Восточный-2,44
9568,407,Файзи Гаскарова,21,Восточный-2,45
9569,407,Файзи Гаскарова,21,Восточный-2,46
9570,407,Файзи Гаскарова,21,Восточный-2,47
9571,407,Файзи Гаскарова,21,Восточный-2,48
9572,407,Файзи Гаскарова,21,Восточный-2,49
9573,407,Файзи Гаскарова,21,Восточный-2,5
9574,407,Файзи Гаскарова,21,Восточный-2,50
9575,407,Файзи Гаскарова,21,Восточный-2,51
9576,407,Файзи Гаскарова,21,Восточный-2,53
9577,407,Файзи Гаскарова,21,Восточный-2,55
9578,407,Файзи Гаскарова,21,Восточный-2,57
9579,407,Файзи Гаскарова,21,Восточный-2,57/1
9580,407,Файзи Гаскарова,21,Восточный-2,57/4
9581,407,Файзи Гаскарова,21,Восточный-2,6
9582,407,Файзи Гаскарова,21,Восточный-2,7
9583,407,Файзи Гаскарова,21,Восточный-2,8
9584,407,Файзи Гаскарова,21,Восточный-2,9
9585,408,Файзрахмана Хисматуллина,23,Северный,1
9586,408,Файзрахмана Хисматуллина,23,Северный,10
9587,408,Файзрахмана Хисматуллина,23,Северный,11
9588,408,Файзрахмана Хисматуллина,23,Северный,12
9589,408,Файзрахмана Хисматуллина,23,Северный,13
9590,408,Файзрахмана Хисматуллина,23,Северный,14
9591,408,Файзрахмана Хисматуллина,23,Северный,15
9592,408,Файзрахмана Хисматуллина,23,Северный,16
9593,408,Файзрахмана Хисматуллина,23,Северный,17
9594,408,Файзрахмана Хисматуллина,23,Северный,18
9595,408,Файзрахмана Хисматуллина,23,Северный,19
9596,408,Файзрахмана Хисматуллина,23,Северный,2
9597,408,Файзрахмана Хисматуллина,23,Северный,20
9598,408,Файзрахмана Хисматуллина,23,Северный,21
9599,408,Файзрахмана Хисматуллина,23,Северный,22
9600,408,Файзрахмана Хисматуллина,23,Северный,23
9601,408,Файзрахмана Хисматуллина,23,Северный,24
9602,408,Файзрахмана Хисматуллина,23,Северный,25
9603,408,Файзрахмана Хисматуллина,23,Северный,26
9604,408,Файзрахмана Хисматуллина,23,Северный,27
9605,408,Файзрахмана Хисматуллина,23,Северный,28
9606,408,Файзрахмана Хисматуллина,23,Северный,29
9607,408,Файзрахмана Хисматуллина,23,Северный,3
9608,408,Файзрахмана Хисматуллина,23,Северный,30
9609,408,Файзрахмана Хисматуллина,23,Северный,31
9610,408,Файзрахмана Хисматуллина,23,Северный,32
9611,408,Файзрахмана Хисматуллина,23,Северный,33
9612,408,Файзрахмана Хисматуллина,23,Северный,34
9613,408,Файзрахмана Хисматуллина,23,Северный,35
9614,408,Файзрахмана Хисматуллина,23,Северный,36
9615,408,Файзрахмана Хисматуллина,23,Северный,37
9616,408,Файзрахмана Хисматуллина,23,Северный,38
9617,408,Файзрахмана Хисматуллина,23,Северный,39
9618,408,Файзрахмана Хисматуллина,23,Северный,4
9619,408,Файзрахмана Хисматуллина,23,Северный,40
9620,408,Файзрахмана Хисматуллина,23,Северный,41
9621,408,Файзрахмана Хисматуллина,23,Северный,42
9622,408,Файзрахмана Хисматуллина,23,Северный,43
9623,408,Файзрахмана Хисматуллина,23,Северный,44
9624,408,Файзрахмана Хисматуллина,23,Северный,45
9625,408,Файзрахмана Хисматуллина,23,Северный,46
9626,408,Файзрахмана Хисматуллина,23,Северный,47
9627,408,Файзрахмана Хисматуллина,23,Северный,48
9628,408,Файзрахмана Хисматуллина,23,Северный,49
9629,408,Файзрахмана Хисматуллина,23,Северный,5
9630,408,Файзрахмана Хисматуллина,23,Северный,50
9631,408,Файзрахмана Хисматуллина,23,Северный,51
9632,408,Файзрахмана Хисматуллина,23,Северный,52
9633,408,Файзрахмана Хисматуллина,23,Северный,53
9634,408,Файзрахмана Хисматуллина,23,Северный,54
9635,408,Файзрахмана Хисматуллина,23,Северный,55
9636,408,Файзрахмана Хисматуллина,23,Северный,56
9637,408,Файзрахмана Хисматуллина,23,Северный,57
9638,408,Файзрахмана Хисматуллина,23,Северный,58
9639,408,Файзрахмана Хисматуллина,23,Северный,59
9640,408,Файзрахмана Хисматуллина,23,Северный,60
9641,408,Файзрахмана Хисматуллина,23,Северный,62
9642,408,Файзрахмана Хисматуллина,23,Северный,62к2
9643,408,Файзрахмана Хисматуллина,23,Северный,7
9644,408,Файзрахмана Хисматуллина,23,Северный,8
9645,408,Файзрахмана Хисматуллина,23,Северный,9
9646,409,Фаттаха Ибрагимова,22,Восточный-1,1
9647,409,Фаттаха Ибрагимова,22,Восточный-1,10
9648,409,Фаттаха Ибрагимова,22,Восточный-1,11
9649,409,Фаттаха Ибрагимова,22,Восточный-1,12
9650,409,Фаттаха Ибрагимова,22,Восточный-1,13
9651,409,Фаттаха Ибрагимова,22,Восточный-1,14
9652,409,Фаттаха Ибрагимова,22,Восточный-1,16
9653,409,Фаттаха Ибрагимова,22,Восточный-1,18
9654,409,Фаттаха Ибрагимова,22,Восточный-1,1А
9655,409,Фаттаха Ибрагимова,22,Восточный-1,2
9656,409,Фаттаха Ибрагимова,22,Восточный-1,20
9657,409,Фаттаха Ибрагимова,22,Восточный-1,22
9658,409,Фаттаха Ибрагимова,22,Восточный-1,24
9659,409,Фаттаха Ибрагимова,22,Восточный-1,26
9660,409,Фаттаха Ибрагимова,22,Восточный-1,28
9661,409,Фаттаха Ибрагимова,22,Восточный-1,30
9662,409,Фаттаха Ибрагимова,22,Восточный-1,32
9663,409,Фаттаха Ибрагимова,22,Восточный-1,34
9664,409,Фаттаха Ибрагимова,22,Восточный-1,36
9665,409,Фаттаха Ибрагимова,22,Восточный-1,38
9666,409,Фаттаха Ибрагимова,22,Восточный-1,4
9667,409,Фаттаха Ибрагимова,22,Восточный-1,40
9668,409,Фаттаха Ибрагимова,22,Восточный-1,42
9669,409,Фаттаха Ибрагимова,22,Восточный-1,44
9670,409,Фаттаха Ибрагимова,22,Восточный-1,46
9671,409,Фаттаха Ибрагимова,22,Восточный-1,48
9672,409,Фаттаха Ибрагимова,22,Восточный-1,5
9673,409,Фаттаха Ибрагимова,22,Восточный-1,50
9674,409,Фаттаха Ибрагимова,22,Восточный-1,51
9675,409,Фаттаха Ибрагимова,22,Восточный-1,52
9676,409,Фаттаха Ибрагимова,22,Восточный-1,54
9677,409,Фаттаха Ибрагимова,22,Восточный-1,55
9678,409,Фаттаха Ибрагимова,22,Восточный-1,56
9679,409,Фаттаха Ибрагимова,22,Восточный-1,58
9680,409,Фаттаха Ибрагимова,22,Восточный-1,6
9681,409,Фаттаха Ибрагимова,22,Восточный-1,60
9682,409,Фаттаха Ибрагимова,22,Восточный-1,62
9683,409,Фаттаха Ибрагимова,22,Восточный-1,64
9684,409,Фаттаха Ибрагимова,22,Восточный-1,7
9685,409,Фаттаха Ибрагимова,22,Восточный-1,8
9686,409,Фаттаха Ибрагимова,22,Восточный-1,9
9687,410,Фахиры Гумеровой,22,Восточный-1,1
9688,410,Фахиры Гумеровой,22,Восточный-1,10
9689,410,Фахиры Гумеровой,22,Восточный-1,11
9690,410,Фахиры Гумеровой,22,Восточный-1,12
9691,410,Фахиры Гумеровой,22,Восточный-1,13
9692,410,Фахиры Гумеровой,22,Восточный-1,14
9693,410,Фахиры Гумеровой,22,Восточный-1,19
9694,410,Фахиры Гумеровой,22,Восточный-1,2
9695,410,Фахиры Гумеровой,22,Восточный-1,21
9696,410,Фахиры Гумеровой,22,Восточный-1,23
9697,410,Фахиры Гумеровой,22,Восточный-1,25
9698,410,Фахиры Гумеровой,22,Восточный-1,27
9699,410,Фахиры Гумеровой,22,Восточный-1,29
9700,410,Фахиры Гумеровой,22,Восточный-1,3
9701,410,Фахиры Гумеровой,22,Восточный-1,31
9702,410,Фахиры Гумеровой,22,Восточный-1,33
9703,410,Фахиры Гумеровой,22,Восточный-1,35
9704,410,Фахиры Гумеровой,22,Восточный-1,35/1
9705,410,Фахиры Гумеровой,22,Восточный-1,37
9706,410,Фахиры Гумеровой,22,Восточный-1,38Б
9707,410,Фахиры Гумеровой,22,Восточный-1,39
9708,410,Фахиры Гумеровой,22,Восточный-1,39/1
9709,410,Фахиры Гумеровой,22,Восточный-1,4
9710,410,Фахиры Гумеровой,22,Восточный-1,40
9711,410,Фахиры Гумеровой,22,Восточный-1,41
9712,410,Фахиры Гумеровой,22,Восточный-1,43
9713,410,Фахиры Гумеровой,22,Восточный-1,47
9714,410,Фахиры Гумеровой,22,Восточный-1,49
9715,410,Фахиры Гумеровой,22,Восточный-1,51
9716,410,Фахиры Гумеровой,22,Восточный-1,53
9717,410,Фахиры Гумеровой,22,Восточный-1,55
9718,410,Фахиры Гумеровой,22,Восточный-1,57
9719,410,Фахиры Гумеровой,22,Восточный-1,59
9720,410,Фахиры Гумеровой,22,Восточный-1,61
9721,410,Фахиры Гумеровой,22,Восточный-1,63
9722,410,Фахиры Гумеровой,22,Восточный-1,65
9723,410,Фахиры Гумеровой,22,Восточный-1,67
9724,410,Фахиры Гумеровой,22,Восточный-1,69
9725,410,Фахиры Гумеровой,22,Восточный-1,7
9726,410,Фахиры Гумеровой,22,Восточный-1,71
9727,410,Фахиры Гумеровой,22,Восточный-1,73
9728,410,Фахиры Гумеровой,22,Восточный-1,8
9729,410,Фахиры Гумеровой,22,Восточный-1,8А
9730,410,Фахиры Гумеровой,22,Восточный-1,9
9731,411,Хадии Давлетшиной,21,Восточный-2,1
9732,411,Хадии Давлетшиной,21,Восточный-2,10
9733,411,Хадии Давлетшиной,21,Восточный-2,11
9734,411,Хадии Давлетшиной,21,Восточный-2,12
9735,411,Хадии Давлетшиной,21,Восточный-2,13
9736,411,Хадии Давлетшиной,21,Восточный-2,14
9737,411,Хадии Давлетшиной,21,Восточный-2,15
9738,411,Хадии Давлетшиной,21,Восточный-2,17
9739,411,Хадии Давлетшиной,21,Восточный-2,18
9740,411,Хадии Давлетшиной,21,Восточный-2,19
9741,411,Хадии Давлетшиной,21,Восточный-2,20
9742,411,Хадии Давлетшиной,21,Восточный-2,21
9743,411,Хадии Давлетшиной,21,Восточный-2,22
9744,411,Хадии Давлетшиной,21,Восточный-2,24
9745,411,Хадии Давлетшиной,21,Восточный-2,25
9746,411,Хадии Давлетшиной,21,Восточный-2,26
9747,411,Хадии Давлетшиной,21,Восточный-2,27
9748,411,Хадии Давлетшиной,21,Восточный-2,27/2
9749,411,Хадии Давлетшиной,21,Восточный-2,28
9750,411,Хадии Давлетшиной,21,Восточный-2,29
9751,411,Хадии Давлетшиной,21,Восточный-2,3
9752,411,Хадии Давлетшиной,21,Восточный-2,30
9753,411,Хадии Давлетшиной,21,Восточный-2,31
9754,411,Хадии Давлетшиной,21,Восточный-2,33
9755,411,Хадии Давлетшиной,21,Восточный-2,34
9756,411,Хадии Давлетшиной,21,Восточный-2,35
9757,411,Хадии Давлетшиной,21,Восточный-2,36
9758,411,Хадии Давлетшиной,21,Восточный-2,37
9759,411,Хадии Давлетшиной,21,Восточный-2,38
9760,411,Хадии Давлетшиной,21,Восточный-2,40
9761,411,Хадии Давлетшиной,21,Восточный-2,41
9762,411,Хадии Давлетшиной,21,Восточный-2,42
9763,411,Хадии Давлетшиной,21,Восточный-2,43
9764,411,Хадии Давлетшиной,21,Восточный-2,44
9765,411,Хадии Давлетшиной,21,Восточный-2,45
9766,411,Хадии Давлетшиной,21,Восточный-2,46
9767,411,Хадии Давлетшиной,21,Восточный-2,46/1
9768,411,Хадии Давлетшиной,21,Восточный-2,47
9769,411,Хадии Давлетшиной,21,Восточный-2,48
9770,411,Хадии Давлетшиной,21,Восточный-2,49
9771,411,Хадии Давлетшиной,21,Восточный-2,50
9772,411,Хадии Давлетшиной,21,Восточный-2,51
9773,411,Хадии Давлетшиной,21,Восточный-2,52
9774,411,Хадии Давлетшиной,21,Восточный-2,53
9775,411,Хадии Давлетшиной,21,Восточный-2,54
9776,411,Хадии Давлетшиной,21,Восточный-2,56
9777,411,Хадии Давлетшиной,21,Восточный-2,57
9778,411,Хадии Давлетшиной,21,Восточный-2,59
9779,411,Хадии Давлетшиной,21,Восточный-2,6
9780,411,Хадии Давлетшиной,21,Восточный-2,61
9781,411,Хадии Давлетшиной,21,Восточный-2,62
9782,411,Хадии Давлетшиной,21,Восточный-2,63
9783,411,Хадии Давлетшиной,21,Восточный-2,64
9784,411,Хадии Давлетшиной,21,Восточный-2,65
9785,411,Хадии Давлетшиной,21,Восточный-2,68
9786,411,Хадии Давлетшиной,21,Восточный-2,7
9787,411,Хадии Давлетшиной,21,Восточный-2,72
9788,411,Хадии Давлетшиной,21,Восточный-2,75
9789,411,Хадии Давлетшиной,21,Восточный-2,77
9790,411,Хадии Давлетшиной,21,Восточный-2,78
9791,411,Хадии Давлетшиной,21,Восточный-2,79
9792,411,Хадии Давлетшиной,21,Восточный-2,8
9793,411,Хадии Давлетшиной,21,Восточный-2,83
9794,411,Хадии Давлетшиной,21,Восточный-2,86
9795,411,Хадии Давлетшиной,21,Восточный-2,87
9796,411,Хадии Давлетшиной,21,Восточный-2,9
9797,411,Хадии Давлетшиной,21,Восточный-2,90
9798,412,Целинная,21,Восточный-2,1/4
9799,412,Целинная,21,Восточный-2,1/6
9800,412,Целинная,21,Восточный-2,1/7
9801,412,Целинная,21,Восточный-2,1/8
9802,412,Целинная,21,Восточный-2,1/9
9803,412,Целинная,21,Восточный-2,11
9804,412,Целинная,21,Восточный-2,12
9805,412,Целинная,21,Восточный-2,14
9806,412,Целинная,21,Восточный-2,15
9807,412,Целинная,21,Восточный-2,17
9808,412,Целинная,21,Восточный-2,1а
9809,412,Целинная,21,Восточный-2,2
9810,412,Целинная,21,Восточный-2,2/4
9811,412,Целинная,21,Восточный-2,2/5
9812,412,Целинная,21,Восточный-2,2/7
9813,412,Целинная,21,Восточный-2,2/8
9814,412,Целинная,21,Восточный-2,20/1
9815,412,Целинная,21,Восточный-2,21
9816,412,Целинная,21,Восточный-2,21А
9817,412,Целинная,21,Восточный-2,22
9818,412,Целинная,21,Восточный-2,27
9819,412,Целинная,21,Восточный-2,28
9820,412,Целинная,21,Восточный-2,29
9821,412,Целинная,21,Восточный-2,30
9822,412,Целинная,21,Восточный-2,31
9823,412,Целинная,21,Восточный-2,33
9824,412,Целинная,21,Восточный-2,34
9825,412,Целинная,21,Восточный-2,35
9826,412,Целинная,21,Восточный-2,36
9827,412,Целинная,21,Восточный-2,38
9828,412,Целинная,21,Восточный-2,4
9829,412,Целинная,21,Восточный-2,42
9830,412,Целинная,21,Восточный-2,44
9831,412,Целинная,21,Восточный-2,46
9832,412,Целинная,21,Восточный-2,47
9833,412,Целинная,21,Восточный-2,48
9834,412,Целинная,21,Восточный-2,49
9835,412,Целинная,21,Восточный-2,5
9836,412,Целинная,21,Восточный-2,53
9837,412,Целинная,21,Восточный-2,56
9838,412,Целинная,21,Восточный-2,57
9839,412,Целинная,21,Восточный-2,58
9840,412,Целинная,21,Восточный-2,59
9841,412,Целинная,21,Восточный-2,60
9842,412,Целинная,21,Восточный-2,62
9843,412,Целинная,21,Восточный-2,66
9844,412,Целинная,21,Восточный-2,68
9845,412,Целинная,21,Восточный-2,69
9846,412,Целинная,21,Восточный-2,7
9847,412,Целинная,21,Восточный-2,70
9848,412,Целинная,21,Восточный-2,71
9849,412,Целинная,21,Восточный-2,72
9850,412,Целинная,21,Восточный-2,73
9851,412,Целинная,21,Восточный-2,74
9852,412,Целинная,21,Восточный-2,76
9853,412,Целинная,21,Восточный-2,8
9854,413,Чапаева,19,Центр,1
9855,413,Чапаева,19,Центр,18
9856,413,Чапаева,19,Центр,19
9857,413,Чапаева,19,Центр,21
9858,413,Чапаева,19,Центр,23
9859,413,Чапаева,19,Центр,25
9860,413,Чапаева,19,Центр,27
9861,414,Шагали Шакман,23,Северный,1
9862,414,Шагали Шакман,23,Северный,10
9863,414,Шагали Шакман,23,Северный,12
9864,414,Шагали Шакман,23,Северный,14
9865,414,Шагали Шакман,23,Северный,16
9866,414,Шагали Шакман,23,Северный,18
9867,414,Шагали Шакман,23,Северный,2
9868,414,Шагали Шакман,23,Северный,3
9869,414,Шагали Шакман,23,Северный,4
9870,414,Шагали Шакман,23,Северный,5
9871,414,Шагали Шакман,23,Северный,6
9872,414,Шагали Шакман,23,Северный,8
9873,415,Шагали Шакмана,23,Северный,1/1
9874,415,Шагали Шакмана,23,Северный,16/1
9875,415,Шагали Шакмана,23,Северный,9
9876,416,Шаймуратова,19,Центр,1
9877,416,Шаймуратова,19,Центр,11
9878,416,Шаймуратова,19,Центр,12
9879,416,Шаймуратова,19,Центр,12а
9880,416,Шаймуратова,19,Центр,13
9881,416,Шаймуратова,19,Центр,14
9882,416,Шаймуратова,19,Центр,14/1
9883,416,Шаймуратова,19,Центр,14/2
9884,416,Шаймуратова,19,Центр,15
9885,416,Шаймуратова,19,Центр,16
9886,416,Шаймуратова,19,Центр,16/1
9887,416,Шаймуратова,19,Центр,17
9888,416,Шаймуратова,19,Центр,18
9889,416,Шаймуратова,19,Центр,19
9890,416,Шаймуратова,19,Центр,20
9891,416,Шаймуратова,19,Центр,21
9892,416,Шаймуратова,19,Центр,22
9893,416,Шаймуратова,19,Центр,23
9894,416,Шаймуратова,19,Центр,24
9895,416,Шаймуратова,19,Центр,25
9896,416,Шаймуратова,19,Центр,26
9897,416,Шаймуратова,19,Центр,27
9898,416,Шаймуратова,19,Центр,28
9899,416,Шаймуратова,19,Центр,29
9900,416,Шаймуратова,19,Центр,3
9901,416,Шаймуратова,19,Центр,30
9902,416,Шаймуратова,19,Центр,31
9903,416,Шаймуратова,19,Центр,32
9904,416,Шаймуратова,19,Центр,33
9905,416,Шаймуратова,19,Центр,34
9906,416,Шаймуратова,19,Центр,36
9907,416,Шаймуратова,19,Центр,37
9908,416,Шаймуратова,19,Центр,38
9909,416,Шаймуратова,19,Центр,39Б
9910,416,Шаймуратова,19,Центр,39а
9911,416,Шаймуратова,19,Центр,4
9912,416,Шаймуратова,19,Центр,4/1
9913,416,Шаймуратова,19,Центр,40
9914,416,Шаймуратова,19,Центр,41
9915,416,Шаймуратова,19,Центр,42
9916,416,Шаймуратова,19,Центр,43
9917,416,Шаймуратова,19,Центр,44
9918,416,Шаймуратова,19,Центр,45
9919,416,Шаймуратова,19,Центр,47
9920,416,Шаймуратова,19,Центр,49
9921,416,Шаймуратова,19,Центр,5
9922,416,Шаймуратова,19,Центр,50
9923,416,Шаймуратова,19,Центр,51
9924,416,Шаймуратова,19,Центр,53
9925,416,Шаймуратова,19,Центр,53к1
9926,416,Шаймуратова,19,Центр,54
9927,416,Шаймуратова,19,Центр,55
9928,416,Шаймуратова,19,Центр,55/1
9929,416,Шаймуратова,19,Центр,57
9930,416,Шаймуратова,19,Центр,6/1
9931,416,Шаймуратова,19,Центр,61
9932,416,Шаймуратова,19,Центр,63
9933,416,Шаймуратова,19,Центр,65
9934,416,Шаймуратова,19,Центр,67
9935,416,Шаймуратова,19,Центр,68
9936,416,Шаймуратова,19,Центр,71
9937,416,Шаймуратова,19,Центр,76
9938,416,Шаймуратова,19,Центр,77
9939,416,Шаймуратова,19,Центр,78
9940,416,Шаймуратова,19,Центр,80
9941,416,Шаймуратова,19,Центр,81
9942,416,Шаймуратова,19,Центр,84
9943,416,Шаймуратова,19,Центр,86
9944,416,Шаймуратова,19,Центр,86/1
9945,416,Шаймуратова,19,Центр,9
9946,417,Шайхзады Бабича,23,Северный,1
9947,417,Шайхзады Бабича,23,Северный,10
9948,417,Шайхзады Бабича,23,Северный,11
9949,417,Шайхзады Бабича,23,Северный,12
9950,417,Шайхзады Бабича,23,Северный,13
9951,417,Шайхзады Бабича,23,Северный,14
9952,417,Шайхзады Бабича,23,Северный,15
9953,417,Шайхзады Бабича,23,Северный,16
9954,417,Шайхзады Бабича,23,Северный,17
9955,417,Шайхзады Бабича,23,Северный,18
9956,417,Шайхзады Бабича,23,Северный,19
9957,417,Шайхзады Бабича,23,Северный,2
9958,417,Шайхзады Бабича,23,Северный,20
9959,417,Шайхзады Бабича,23,Северный,21
9960,417,Шайхзады Бабича,23,Северный,22
9961,417,Шайхзады Бабича,23,Северный,23
9962,417,Шайхзады Бабича,23,Северный,24
9963,417,Шайхзады Бабича,23,Северный,25
9964,417,Шайхзады Бабича,23,Северный,26
9965,417,Шайхзады Бабича,23,Северный,27
9966,417,Шайхзады Бабича,23,Северный,28
9967,417,Шайхзады Бабича,23,Северный,28/1
9968,417,Шайхзады Бабича,23,Северный,29
9969,417,Шайхзады Бабича,23,Северный,3
9970,417,Шайхзады Бабича,23,Северный,30
9971,417,Шайхзады Бабича,23,Северный,31
9972,417,Шайхзады Бабича,23,Северный,32
9973,417,Шайхзады Бабича,23,Северный,33
9974,417,Шайхзады Бабича,23,Северный,35
9975,417,Шайхзады Бабича,23,Северный,37
9976,417,Шайхзады Бабича,23,Северный,39
9977,417,Шайхзады Бабича,23,Северный,4
9978,417,Шайхзады Бабича,23,Северный,41
9979,417,Шайхзады Бабича,23,Северный,43
9980,417,Шайхзады Бабича,23,Северный,43/1
9981,417,Шайхзады Бабича,23,Северный,45
9982,417,Шайхзады Бабича,23,Северный,47
9983,417,Шайхзады Бабича,23,Северный,49
9984,417,Шайхзады Бабича,23,Северный,5
9985,417,Шайхзады Бабича,23,Северный,51
9986,417,Шайхзады Бабича,23,Северный,53
9987,417,Шайхзады Бабича,23,Северный,55
9988,417,Шайхзады Бабича,23,Северный,6
9989,417,Шайхзады Бабича,23,Северный,7
9990,417,Шайхзады Бабича,23,Северный,8
9991,417,Шайхзады Бабича,23,Северный,9
9992,418,Школьная,19,Центр,1
9993,418,Школьная,19,Центр,26
9994,418,Школьная,19,Центр,4
9995,418,Школьная,19,Центр,5
9996,418,Школьная,19,Центр,6
9997,418,Школьная,19,Центр,7
9998,419,Юбилейная,19,Центр,1
9999,419,Юбилейная,19,Центр,12/1
10000,419,Юбилейная,19,Центр,13
10001,419,Юбилейная,19,Центр,14
10002,419,Юбилейная,19,Центр,15
10003,419,Юбилейная,19,Центр,17
10004,419,Юбилейная,19,Центр,19
10005,419,Юбилейная,19,Центр,1а
10006,419,Юбилейная,19,Центр,21
10007,419,Юбилейная,19,Центр,23
10008,419,Юбилейная,19,Центр,23/1
10009,419,Юбилейная,19,Центр,25
10010,419,Юбилейная,19,Центр,27
10011,419,Юбилейная,19,Центр,29
10012,419,Юбилейная,19,Центр,3
10013,419,Юбилейная,19,Центр,31
10014,419,Юбилейная,19,Центр,33
10015,419,Юбилейная,19,Центр,33В
10016,419,Юбилейная,19,Центр,33а
10017,419,Юбилейная,19,Центр,33б
10018,419,Юбилейная,19,Центр,33к1
10019,419,Юбилейная,19,Центр,33к2
10020,419,Юбилейная,19,Центр,33к4
10021,419,Юбилейная,19,Центр,35
10022,419,Юбилейная,19,Центр,35/1
10023,419,Юбилейная,19,Центр,35/2
10024,419,Юбилейная,19,Центр,35/3
10025,419,Юбилейная,19,Центр,35/4
10026,419,Юбилейная,19,Центр,37
10027,419,Юбилейная,19,Центр,39
10028,419,Юбилейная,19,Центр,3а
10029,419,Юбилейная,19,Центр,41/2
10030,419,Юбилейная,19,Центр,43/1
10031,419,Юбилейная,19,Центр,5
10032,419,Юбилейная,19,Центр,7
10033,419,Юбилейная,19,Центр,9
10034,420,Южная,19,Центр,1
10035,420,Южная,19,Центр,10
10036,420,Южная,19,Центр,11А
10037,420,Южная,19,Центр,12
10038,420,Южная,19,Центр,13
10039,420,Южная,19,Центр,14
10040,420,Южная,19,Центр,15
10041,420,Южная,19,Центр,16
10042,420,Южная,19,Центр,17
10043,420,Южная,19,Центр,18
10044,420,Южная,19,Центр,19
10045,420,Южная,19,Центр,2
10046,420,Южная,19,Центр,20
10047,420,Южная,19,Центр,21
10048,420,Южная,19,Центр,22
10049,420,Южная,19,Центр,23
10050,420,Южная,19,Центр,24
10051,420,Южная,19,Центр,25
10052,420,Южная,19,Центр,26
10053,420,Южная,19,Центр,27
10054,420,Южная,19,Центр,28
10055,420,Южная,19,Центр,29
10056,420,Южная,19,Центр,2а
10057,420,Южная,19,Центр,2б
10058,420,Южная,19,Центр,3
10059,420,Южная,19,Центр,30
10060,420,Южная,19,Центр,32
10061,420,Южная,19,Центр,34
10062,420,Южная,19,Центр,36
10063,420,Южная,19,Центр,38
10064,420,Южная,19,Центр,4
10065,420,Южная,19,Центр,40
10066,420,Южная,19,Центр,5
10067,420,Южная,19,Центр,7
10068,420,Южная,19,Центр,8
10069,420,Южная,19,Центр,9
10070,421,Яныбая Хамматова,22,Восточный-1,1
10071,421,Яныбая Хамматова,22,Восточный-1,11
10072,421,Яныбая Хамматова,22,Восточный-1,13
10073,421,Яныбая Хамматова,22,Восточный-1,15
10074,421,Яныбая Хамматова,22,Восточный-1,17
10075,421,Яныбая Хамматова,22,Восточный-1,17к1
10076,421,Яныбая Хамматова,22,Восточный-1,19
10077,421,Яныбая Хамматова,22,Восточный-1,21
10078,421,Яныбая Хамматова,22,Восточный-1,23
10079,421,Яныбая Хамматова,22,Восточный-1,25
10080,421,Яныбая Хамматова,22,Восточный-1,27
10081,421,Яныбая Хамматова,22,Восточный-1,27А
10082,421,Яныбая Хамматова,22,Восточный-1,3
10083,421,Яныбая Хамматова,22,Восточный-1,31
10084,421,Яныбая Хамматова,22,Восточный-1,33
10085,421,Яныбая Хамматова,22,Восточный-1,35
10086,421,Яныбая Хамматова,22,Восточный-1,37
10087,421,Яныбая Хамматова,22,Восточный-1,47
10088,421,Яныбая Хамматова,22,Восточный-1,5
10089,421,Яныбая Хамматова,22,Восточный-1,7
10090,421,Яныбая Хамматова,22,Восточный-1,9
10091,422,Ленина,22,Восточный-1,500
